,Gene_set,Term,P-value,Adjusted P-value,Old P-value,Old adjusted P-value,Odds Ratio,Combined Score,Genes
5676,GO_Cellular_Component_2026,Mitochondrial Inner Membrane (GO:0005743),2.048871791376293e-65,8.728193831263008e-63,0,0,6.041030481438002,899.8159711362648,GHITM;MICOS13;MICOS10;PHB2;LGALS3;MRPS18B;BCS1L;MRPS18C;COX7A2L;SCO1;TMEM126A;UQCRC1;TMEM126B;AURKAIP1;SHMT2;MRPL18;MRPL16;MRPL17;MRPL14;MRPL15;MRPL12;MRPL13;MRPL10;MRPL11;LDHB;MRPL20;GRPEL1;STMP1;RDH13;SURF1;MRPL27;MRPL28;MRPL23;MRPL24;MRPL21;MRPL22;NDUFAF4;SFXN4;NDUFAF3;NDUFAF1;CIBAR1;MRPS17;COX7B;MRPS15;MRPS16;MRPS14;MRPS12;MRPL39;MRPS10;MRPL36;ECSIT;MRPL34;MRPL35;COX7C;MRPL32;MRPL33;MRPL41;MRPL40;MTG1;COX8A;MRPS28;MRPS26;TIMM29;MRPS23;MRPL49;MRPS2;MRPS21;MRPL47;TIMM22;NME4;MRPL45;MRPS7;COQ10B;MRPL43;MRPL44;MRPL52;TMEM177;MRPL50;MRPL51;TOMM40;DMAC1;MRPS35;TIMM9;MRPS33;MRPS34;TIMM13;IFI6;MRPL58;UQCR11;TIMM10;MRPS30;UQCR10;COX5B;MRPL57;COX5A;MRPL54;TMEM70;MRPL55;ATP5F1A;ATP5F1B;RPS3;ATP5PF;ATP5PD;PET100;ATP5PB;SQOR;ATP5F1C;COX6C;ATP5F1D;ATP5F1E;KGD4;NDUFAB1;ATP5PO;NDUFA13;NDUFA11;NDUFA12;MPV17L2;COX6A1;MPC2;SLC25A42;SLC25A45;CHCHD1;SDHC;SDHD;COX6B2;SDHB;COX6B1;DNAJC30;DAP3;UQCRB;COX16;NDUFB10;NDUFB11;ATP5MC2;ATP5MC3;COX7A2;HIGD1A;MTLN;UQCRH;ATP5MC1;TIMM50;ATP5MK;ATP5MJ;COX14;CYC1;NDUFV3;NDUFV2;ATP5MG;NDUFV1;ATP5MF;ATP5ME;DNAJC19;COA3;UQCC3;UQCC2;UQCC4;DNAJC15;COQ7;COQ5;COQ4;TMEM11;UQCRQ;CYCS;SLC25A1;ALAS2;SLC25A3;MCUR1;COX4I1;MRPL4;MRPL2;TMEM223;TIMM17A;TIMM17B;UQCRFS1;COA8;CCDC51;COA5;NDUFC2;NDUFC1;SLC25A18;SMDT1;NDUFS8;NDUFS7;NDUFS6;NDUFS5;NDUFS3;NDUFS2;SLC25A10;SLC25A5;SLC25A11;SLC25A4;SMIM20;NDUFB9;NDUFB8;STOML2;NDUFB7;MTFP1;NDUFB6;NDUFB5;NDUFB4;NDUFB3;NDUFB2;NDUFB1;PPOX;FOXRED1;PARL;ROMO1;GADD45GIP1;NDUFA9;NDUFA8;NDUFA7;NDUFA6;NDUFA5;NDUFA3;NDUFA2;NDUFA1;SLC25A39;OCIAD2
0,GO_Biological_Process_2026,Translation (GO:0006412),8.719908822606237e-62,4.051269638982858e-58,0,0,8.944104091193596,1257.4933361705916,RPL4;RPL5;RPL30;RPL32;TP53RK;RPL31;RPL34;RPL8;APEH;RPL10A;RPL9;RPL6;RPL7;RPS15;EEF1B2;RPS14;RPS17;RPS16;RPL18A;RPS19;RPL36AL;RPS18;RPL36;RPL35;RPL38;RPL37;RPS11;RPL39;RPS10;CHCHD1;RPS13;RPS12;RPS9;RPL21;RPS7;RPS8;RPL23;RPS5;RPL22;RPS6;MRPS18B;RPSA;MRPS18C;TUFM;EEF1A1;RPL24;RPL27;RPL26;AURKAIP1;RPL29;RPL28;UBA52;DAP3;MRPL18;MRPL16;MRPL17;MRPL14;MRPL15;MRPL12;GSPT2;MRPL13;MRPL10;MRPL11;MRPL20;ZC3H15;RPL39L;RPL41;MRPL27;MRPL28;MRPL23;MRPL24;MRPL21;MRPL22;AIMP1;RPS26;RPS25;RPS28;RPS27;RPS29;NACA;RPL27A;RPS20;RPS21;RPS24;RPS23;MRPS17;MRPS15;MRPS16;MRPS14;RPLP1;MRPS12;RPLP0;MRPL39;MRPS10;MRPL36;MRPL34;MRPL35;MRPL32;MRPL33;MRPL41;MRPL4;RPS4X;RPL7A;MRPL2;MRPL40;RACK1;RPLP2;MRPS28;EIF5A;MRPS26;MRPS23;DHPS;MRPL49;MRPS2;MRPS21;RPL13A;MRPL47;RPS3A;MRPL45;MRPS7;MRPL43;MRPL44;MRPL52;MRPL50;MRPL51;EEF1D;RPL37A;EEF1E1;MRPS35;RPL10;MRPS33;RPL12;MRPS34;RPL11;RPL36A;RPS27L;MRPL58;MRPS30;MRPL57;LAGE3;MRPL54;MRPL55;RPS15A;RPL14;RPS3;RPL13;RPL15;RPS2;RPL18;RPS27A;RPL19;GADD45GIP1;RWDD1;TPRKB;RPL35A;RPL23A;DRG1;RPL22L1;FAU;RPL26L1
5677,GO_Cellular_Component_2026,Mitochondrial Membrane (GO:0031966),7.790683141394097e-59,1.6594155091169427e-56,0,0,4.237438528099693,566.9675459134197,IFI27L1;IFI27L2;CISD1;CISD2;GHITM;MICOS13;MICOS10;PHB2;LGALS3;MRPS18B;BCS1L;MRPS18C;COX7A2L;SCO1;TMEM126A;UQCRC1;VDAC3;VDAC2;VDAC1;TMEM126B;AURKAIP1;UBA52;SHMT2;MRPL18;MGST3;MRPL16;MRPL17;MRPL14;MRPL15;MRPL12;MRPL13;MRPL10;MRPL11;LDHB;MRPL20;GRPEL1;STMP1;RDH13;GSDMD;VAT1;FIS1;SURF1;MRPL27;MRPL28;MRPL23;MRPL24;MRPL21;MRPL22;STAR;NDUFAF4;SFXN4;NDUFAF3;NDUFAF1;CIBAR1;MRPS17;COX7B;MRPS15;MRPS16;MRPS14;MRPS12;MRPL39;MRPS10;MRPL36;ECSIT;MRPL34;MRPL35;COX7C;MRPL32;MRPL33;MRPL41;MRPL40;HINT2;MTG1;RAC2;TSPO;C19ORF12;ACADM;COX8A;MRPS28;MRPS26;TIMM29;MRPS23;MRPL49;MRPS2;MRPS21;NME3;MRPL47;TIMM22;NME4;MRPL45;MRPS7;COQ10B;MRPL43;MRPL44;MRPL52;TMEM177;MRPL50;MRPL51;PGAM5;TOMM40;DMAC1;MRPS35;TIMM9;MRPS33;MRPS34;TIMM13;IFI6;MIEF2;MRPL58;UQCR11;TIMM10;MRPS30;UQCR10;COX5B;MRPL57;COX5A;MRPL54;TMEM70;MRPL55;ATP5F1A;PGRMC1;ATP5F1B;RPS3;RPS27A;ATP5PF;ATP5PD;PET100;ATP5PB;SQOR;ATP5F1C;COX6C;ATP5F1D;ATP5F1E;KGD4;STING1;NDUFAB1;ATP5PO;TOMM7;TOMM5;NDUFA13;NDUFA11;NDUFA12;MPV17L2;COX6A1;TOMM20;TOMM22;MPC2;SLC25A42;SLC25A45;CHCHD1;TMEM14A;TMEM14B;TMEM14C;SDHC;SDHD;COX6B2;SDHB;COX6B1;TUFM;PIGBOS1;DNAJC30;DAP3;UQCRB;COX16;NDUFB10;NDUFB11;ATP5MC2;ATP5MC3;COX7A2;PLD6;HIGD1A;MTLN;UQCRH;ATP5MC1;TIMM50;UBB;UBC;ATP5MK;ATP5MJ;COX14;CYC1;NDUFV3;NDUFV2;ATP5MG;NDUFV1;ATP5MF;ATP5ME;DNAJC19;COA3;MOAP1;UQCC3;UQCC2;UQCC4;DNAJC15;COQ7;COQ5;COQ4;TMEM11;UQCRQ;CYCS;SLC25A1;ALAS2;SLC25A3;MCUR1;COX4I1;MRPL4;FUNDC2;MRPL2;TMEM223;FUNDC1;TIMM17A;TIMM17B;UQCRFS1;CCDC51;COA5;NDUFC2;DARS2;NDUFC1;QTRT1;SLC25A18;SMDT1;HAX1;NDUFS8;NDUFS7;NDUFS6;NDUFS5;NDUFS3;NDUFS2;SLC25A10;SLC25A5;SLC25A11;SLC25A4;SMIM20;NDUFB9;NDUFB8;STOML2;NDUFB7;SMIM26;MTFP1;NDUFB6;NDUFB5;NDUFB4;NDUFB3;NDUFB2;NDUFB1;MFF;PPOX;FOXRED1;PARL;SLC25A28;BNIP1;SMIM30;ROMO1;GADD45GIP1;NDUFA9;CYB5A;NDUFA8;NDUFA7;NDUFA6;NDUFA5;BAD;NDUFA3;NDUFA2;NDUFA1;SLC25A39;BAX;OCIAD2
1,GO_Biological_Process_2026,Protein Biosynthetic Process (GO:0160307),1.9913638897723142e-53,4.625938315941086e-50,0,0,15.192750973221658,1843.6128340451169,RPL4;RPL5;RPL30;RPL32;RPL31;RPL34;RPL10A;RPL8;RPL9;RPL6;RPL7;RPS15;RPS14;RPS17;RPS16;RPL18A;RPS19;RPS18;RPL36;RPL35;RPL38;RPL37;RPS11;RPL39;RPS10;RPS13;RPS12;RPL21;RPS7;RPS8;RPL23;RPS5;RPL22;RPS6;MRPS18B;RPSA;MRPS18C;EEF1A1;RPL24;RPL27;RPL26;RPL29;RPL28;UBA52;MRPL18;MRPL12;GSPT2;MRPL13;MRPL10;MRPL11;RPL41;MRPL27;MRPL28;MRPL23;MRPL24;MRPL22;RPS26;RPS25;RPS28;RPS27;NACA;RPS29;RPL27A;RPS20;RPS21;RPS24;RPS23;MRPS17;MRPS15;MRPS16;MRPS14;RPLP1;MRPS12;RPLP0;MRPL36;MRPL34;MRPL35;MRPL32;MRPL41;RPS4X;RPL7A;RPLP2;DHPS;MRPS21;RPL13A;RPS3A;MRPS7;MRPL43;MRPL52;MRPL51;RPL37A;RPL10;MRPS33;RPL12;RPL11;RPL36A;RPS27L;MRPL55;RPS15A;RPL14;RPL13;RPL15;RPS2;RPL18;RPS27A;RPL19;RPL35A;RPL23A;FAU
2,GO_Biological_Process_2026,Cytoplasmic Translation (GO:0002181),6.91154608214604e-51,1.0703681032550168e-47,0,0,25.45424970975232,2939.931386205292,RPL4;RPL5;RPL30;RPL32;RPL31;RPL34;RPLP1;RPLP0;RPL10A;RPL8;RPL9;RPL6;RPL7;RPS15;RPS4X;RPS14;RPL7A;RPS17;RPS16;RPL18A;RPS19;RPL36AL;RPS18;RPL36;RACK1;RPL35;RPLP2;RPL38;RPL37;RPS11;RPL39;RPS10;RPS13;RPS12;RPS9;RPL21;RPS7;RPS8;RPL23;RPS5;RPL22;RPS6;RPL13A;RPSA;RPS3A;EEF1D;RPL37A;RPL24;RPL27;RPL26;RPL29;RPL28;UBA52;RPL10;RPL12;RPL11;RPL36A;RPS15A;RPL14;RPS3;RPL13;RPL15;RPS2;RPL18;RPS27A;ZC3H15;RPL19;RPL39L;RWDD1;RPL41;RPL35A;RPL23A;RPS26;RPS25;RPS28;EIF3M;EIF2S3;RPS27;RPS29;RPL27A;EIF3I;DRG1;RPS20;RPL22L1;FAU;RPS21;RPS24;RPL26L1;RPS23
3,GO_Biological_Process_2026,Macromolecule Biosynthetic Process (GO:0009059),1.8662669379580216e-39,2.167669048438242e-36,0,0,6.213872723506036,554.1337727605339,RPL4;RPL5;RPL30;RPL32;TP53RK;RPL31;RPL34;RPL8;RPL10A;RPL9;RPL6;RPL7;RPS15;EEF1B2;RPS14;RPS17;RPS16;RPL18A;RPS19;RPS18;RPL36;RPL35;RPL38;RPL37;RPS11;RPL39;RPS10;RPS13;RPS12;RPL21;RPS7;RPS8;RPL23;RPS5;RPL22;RPS6;MRPS18B;ALG3;RPSA;MRPS18C;TUFM;EEF1A1;RPL24;RPL27;RPL26;RPL29;RPL28;UBA52;MRPL18;MRPL12;FUT2;GSPT2;MRPL13;MRPL10;MRPL11;FUT7;RPL41;MRPL27;MRPL28;MRPL23;MRPL24;MRPL22;RPS26;RPS25;RPS28;RPS27;RPS29;NACA;RPL27A;RPS20;RPS21;RPS24;RPS23;MRPS17;MRPS15;ALAS2;MRPS16;MRPS14;RPLP1;MRPS12;RPLP0;MRPL36;MRPL34;MRPL35;MRPL32;MRPL41;RPS4X;RPL7A;SERP1;B3GALT2;RPLP2;EIF5A;DHPS;MRPS21;RPL13A;RPS3A;MRPS7;MRPL43;DDOST;MRPL52;MRPL51;DAD1;EEF1D;RPL37A;RPL10;MRPS33;RPL12;RPL11;RPL36A;RPS27L;LAGE3;MRPL55;RPS15A;RPL14;RPL13;RPL15;RPS2;RPL18;RPS27A;RPL19;TPRKB;RPL35A;RPL23A;TMEM59;GOLPH3;FAU
5678,GO_Cellular_Component_2026,Large Ribosomal Subunit (GO:0015934),1.6188445118039177e-35,2.298759206761563e-33,0,0,82.06262749898,6573.93579283494,RPL4;RPL5;RPL30;RPL32;RPL31;RPL34;RPLP1;RPLP0;RPL10A;RPL8;RPL9;RPL6;RPL7;RBM3;RPL7A;RPL18A;RPL36AL;RPL36;RPL35;RPLP2;RPL38;RPL37;RPL39;RPL21;RPL23;RPL22;RPL13A;RPL7L1;RPL37A;RPL24;RPL27;RPL26;RPL29;RPL28;UBA52;RPL10;RPL12;RPL11;RPL36A;MRPL20;RPL14;RPL13;RPL15;RPL18;RPL19;RPL39L;RPL41;RPL35A;RPL23A;RPL27A;RPL26L1
4,GO_Biological_Process_2026,Mitochondrial ATP Synthesis Coupled Electron Transport (GO:0042775),3.424043367484021e-36,3.181621097066152e-33,0,0,45.094275406711596,3682.499596077573,COX7B;NDUFA12;COX4I1;COX6A1;COX7C;UQCRFS1;COX8A;NDUFC2;NDUFC1;SDHC;SDHD;SDHB;COX6B1;NDUFS8;NDUFS7;SDHAF2;NDUFS6;NDUFS5;NDUFS3;UQCRC1;NDUFS2;NDUFB9;NDUFB8;NDUFB7;NDUFB10;NDUFB6;UQCRB;NDUFB5;NDUFB4;NDUFB3;NDUFB2;NDUFB1;COX7A2;UQCR11;UQCR10;COX5B;COX5A;UQCRH;CYC1;NDUFV3;NDUFV2;NDUFV1;NDUFA9;NDUFA8;NDUFA7;NDUFA6;NDUFA5;UQCC3;NDUFA3;NDUFA2;NDUFA1;COX6C;UQCRQ;NDUFAB1;CYCS;NDUFAF1
5679,GO_Cellular_Component_2026,Cytosolic Large Ribosomal Subunit (GO:0022625),4.8989014558373895e-34,5.21733005046682e-32,0,0,78.81233007069059,6044.817617989871,RPL4;RPL5;RPL30;RPL32;RPL31;RPL34;RPLP1;RPLP0;RPL10A;RPL8;RPL9;RPL6;RPL7;RPL7A;RPL18A;RPL36AL;RPL36;RPL35;RPLP2;RPL38;RPL37;RPL39;RPL21;RPL23;RPL22;RPL13A;RPL7L1;RPL37A;RPL24;RPL27;RPL26;RPL29;RPL28;UBA52;RPL10;RPL12;RPL11;RPL36A;RPL14;RPL13;RPL15;RPL18;RPL19;RPL39L;RPL41;RPL35A;RPL23A;RPL27A;RPL26L1
5,GO_Biological_Process_2026,Proton Motive Force-Driven ATP Synthesis (GO:0015986),9.48802902641781e-35,7.346897142789524e-32,0,0,43.46601347213717,3405.1469400702326,NDUFA13;NDUFA11;NDUFA12;NDUFC2;NDUFC1;SDHC;SDHD;SDHB;NDUFS8;NDUFS7;NDUFS6;NDUFS5;NDUFS3;NDUFS2;NDUFB9;NDUFB8;NDUFB7;NDUFB10;NDUFB6;NDUFB11;NDUFB5;NDUFB4;NDUFB3;ATP5MC2;NDUFB2;ATP5MC3;NDUFB1;ATP5MC1;ATP5F1A;ATP5F1B;ATP5MK;ATP5MJ;NDUFV3;NDUFV2;ATP5MG;NDUFV1;ATP5MF;ATP5ME;NDUFA9;ATP5PF;NDUFA8;NDUFA7;ATP5PD;NDUFA6;NDUFA5;ATP5PB;NDUFA3;NDUFA2;NDUFA1;ATP5F1C;ATP5F1D;ATP5F1E;NDUFAB1;ATP5PO
6,GO_Biological_Process_2026,Aerobic Electron Transport Chain (GO:0019646),1.3290970177810303e-34,8.821406778015237e-32,0,0,37.95266289447588,2960.4364937335763,COX7B;COX4I1;COX6A1;COX7C;UQCRFS1;COX8A;NDUFC2;NDUFC1;SDHC;SDHD;SDHB;COX6B1;NDUFS8;NDUFS7;SDHAF2;NDUFS6;NDUFS5;NDUFS3;UQCRC1;NDUFS2;NDUFB9;NDUFB8;NDUFB7;NDUFB10;NDUFB6;UQCRB;NDUFB5;NDUFB4;NDUFB3;NDUFB2;NDUFB1;COX7A2;UQCR11;UQCR10;COX5B;COX5A;UQCRH;CYC1;NDUFV3;NDUFV2;NDUFV1;NDUFA9;NDUFA8;NDUFA7;NDUFA6;NDUFA5;UQCC3;NDUFA3;NDUFA2;NDUFA1;COX6C;UQCRQ;NDUFAB1;CYCS;NDUFAF1
7,GO_Biological_Process_2026,Oxidative Phosphorylation (GO:0006119),3.5505144716905674e-33,2.061961279434297e-30,0,0,36.557638483965015,2731.5215123979024,NDUFA13;NDUFA11;NDUFA12;NDUFC2;NDUFC1;SDHC;SDHD;SDHB;NDUFS8;NDUFS7;NDUFS6;NDUFS5;NDUFS3;UQCRC1;NDUFS2;NDUFB9;NDUFB8;NDUFB7;NDUFB10;NDUFB6;UQCRB;NDUFB11;NDUFB5;NDUFB4;NDUFB3;NDUFB2;NDUFB1;COX7A2;UQCRH;ATP5F1A;ATP5F1B;NDUFV3;NDUFV2;ATP5MG;NDUFV1;ATP5MF;ATP5ME;NDUFA9;ATP5PF;NDUFA8;NDUFA7;ATP5PD;NDUFA6;NDUFA5;ATP5PB;NDUFA3;NDUFA2;NDUFA1;ATP5F1C;ATP5F1D;ATP5F1E;NDUFAB1;ATP5PO
8,GO_Biological_Process_2026,Proton Motive Force-Driven Mitochondrial ATP Synthesis (GO:0042776),5.400231560463288e-33,2.787719536656937e-30,0,0,59.106749592169656,4391.564481509748,NDUFA13;NDUFA11;NDUFA12;NDUFC2;NDUFC1;SDHC;SDHD;SDHB;NDUFS8;NDUFS7;NDUFS6;NDUFS5;NDUFS3;NDUFS2;NDUFB9;NDUFB8;NDUFB7;NDUFB10;NDUFB6;NDUFB11;NDUFB5;NDUFB4;NDUFB3;NDUFB2;NDUFB1;ATP5F1A;ATP5F1B;NDUFV3;NDUFV2;ATP5MG;NDUFV1;ATP5MF;ATP5ME;NDUFA9;ATP5PF;NDUFA8;NDUFA7;ATP5PD;NDUFA6;NDUFA5;ATP5PB;NDUFA3;NDUFA2;NDUFA1;ATP5F1C;ATP5F1D;ATP5F1E;NDUFAB1;ATP5PO
9,GO_Biological_Process_2026,Cellular Respiration (GO:0045333),4.322599437499403e-32,2.008279698662223e-29,0,0,16.034452696157572,1157.9899911742261,COX7B;NDUFA13;NDUFA11;NDUFA12;COX4I1;ETFB;COX6A1;COX7C;CHCHD5;UQCRFS1;COX8A;NDUFC2;NDUFC1;SDHC;SDHB;COX6B1;SIRT3;NDUFS8;NDUFS7;NDUFS6;NDUFS5;NDUFS3;UQCRC1;NDUFS2;NDUFB9;NDUFB8;NDUFB7;NDUFB10;NDUFB6;UQCRB;NDUFB11;NDUFB5;NDUFB4;NDUFB3;NDUFB2;NDUFB1;COX7A2;UQCR11;UQCR10;COX5B;COX5A;MTLN;UQCRH;BLOC1S1;CYC1;NDUFV3;NDUFV2;NDUFV1;NDUFA9;NDUFA8;NDUFA7;SURF1;NDUFA6;NDUFA5;MDH2;NDUFA3;NDUFA2;NDUFA1;COX6C;ATP5F1D;UQCRQ;NDUFAB1;CYCS
10,GO_Biological_Process_2026,Protein Metabolic Process (GO:0019538),1.164326195979651e-30,4.917690460474054e-28,0,0,2.9495256166982924,203.2972631522096,RPL4;RPL5;ISCA2;RPL30;ISCA1;RPL32;RPL31;RPL34;CISD1;UBE2L6;RPL8;RPL9;RPL6;CISD3;RPL7;UBE2L3;NFU1;RPS15;RPS14;RPS17;RPS16;CAPNS1;RPL18A;RPS19;RPS18;FDXR;RPL36;CPNE1;RPL35;RPL38;RPL37;CIAO2A;CIAO2B;RPS11;SEPHS1;PRSS2;RPL39;RPS10;RPS13;RPS12;RPL21;RPL23;FBXO2;RPL22;MRPS18B;MRPS18C;CDC34;CLPP;BOLA3;PAPPA;RPL24;RPL27;RPL26;RPL29;RPL28;UBA52;CFD;LIPT1;RPN2;MRPL18;MRPL12;MRPL13;GSPT2;MRPL10;C2;CIAO1;MRPL11;APH1A;NAALAD2;RPL41;MRPL27;MRPL28;CELA1;MRPL23;MRPL24;MRPL22;RPS26;RPS25;RPS28;RPS27;RPS29;RPL27A;PPT1;RPS20;FBXL2;RPS21;RPS24;FBXL6;RPS23;MRPS17;MRPS15;MRPS16;MRPS14;RPLP1;RPLP0;MRPS12;MRPL36;CTSW;MRPL34;MRPL35;MRPL32;PRSS21;MRPL41;UBL5;SERP1;CTSL;RPLP2;CTSF;EMD;CTSD;CAMP;PSENEN;PARP1;MRPS21;F2;MRPS7;UCHL3;MRPL43;MRPL52;MMP11;MRPL51;TMPRSS7;RPL10;RPL12;MRPS33;RPL11;RPS27L;NEDD8;MRPL55;PSMB5;RPS15A;PSMB1;RPL14;RPL13;RPL15;RPS2;RPL18;RPS27A;RPL19;UBL4A;F12;MCRS1;FKBP1A;SPCS3;SPCS2;SPCS1;PSMC4;FKBP1B;MSRB2;FAU;UBE2D2;PARK7;APEH;RPL10A;RPS7;RPS8;RPS5;RPS6;AIP;RPSA;PRSS57;EEF1A1;LOX;COX19;CPB2;PROZ;DPP7;GGT5;UBE2I;NSG1;NACA;PRPH2;UBE2S;UBE2M;RNPEPL1;USE1;RPS4X;RPL7A;CASP6;CASP4;HSP90AA1;CELA2A;CELA2B;GLRX5;DHPS;RPL13A;RPS3A;ADAMTS20;RPL37A;FXN;RPL36A;TSPAN33;RNF5;LMF2;PARL;CLN5;ACAN;SVBP;PRRG2;SEC11A;SEC11C;SLC35A1;NAA10;GZMA;GZMB;RPL35A;RPL23A;GZMH;GZMM;CCS
11,GO_Biological_Process_2026,Negative Regulation of Myoblast Fusion (GO:1901740),1.2842718286536637e-28,4.972272429937435e-26,0,0,51.80580448065173,3327.0822555736095,RPL4;RPL5;RPL30;RPL10;RPL32;RPL31;RPL12;RPL34;RPLP1;RPL11;RPLP0;RPL36A;RPL10A;RPL8;RPL9;RPL6;RPL7;RPL7A;RPL18A;RPL14;RPL36;RPL13;RPL35;RPLP2;RPL38;RPL15;RPL37;RPL18;RPL39;RPL19;RPL41;RPL21;RPL23;RPL13A;RPL35A;RPL23A;RPL27A;RPL37A;RPL24;RPL27;RPL29;RPL28;UBA52
12,GO_Biological_Process_2026,Negative Regulation of Syncytium Formation by Plasma Membrane Fusion (GO:0034242),8.251265437715344e-27,2.948875324894268e-24,0,0,30.294095393300935,1819.4461300384755,RPL4;RPL5;RPL30;RPL32;RPL10;RPL31;RPL34;RPLP1;RPL12;RPLP0;RPL11;RPL36A;RPL10A;RPL8;RPL9;RPL6;RPL7;RPL7A;RPL18A;RPL36;RPL14;RPL35;RPLP2;RPL13;RPL38;RPL37;RPL15;RPL18;RPL39;RPL19;RPL41;RPL21;RPL23;RPL13A;RPL35A;RPL23A;RPL27A;RPL37A;ERVH48-1;RPL24;RPL27;RPL29;RPL28;UBA52
5680,GO_Cellular_Component_2026,Extracellular Exosome (GO:0070062),1.1091688768927111e-23,9.450118831125899e-22,0,0,1.8051044617971574,95.41032374189797,RPL4;RPL5;RPL30;PGLYRP2;RNH1;RPL31;RPL34;SERPINE1;ARPC5L;GHITM;ENO1;PSMD7;CAPNS1;STMN1;PGAP6;CHID1;GSTK1;RPL23;RPL22;SYTL1;PDZK1;SCAMP3;SCAMP2;MYL6;RBP5;PSME1;PSME2;RPL24;RPL27;HPRT1;RPL26;VPS25;HPD;RPL28;UBA52;VPS28;CFD;SHMT2;SHMT1;TPRG1L;A1BG;ADH5;C2;LDHB;PRDX2;LDHA;PRDX5;PRDX4;PRDX1;CHST14;S100A11;S100A10;ST13;SNF8;PA2G4;PRDX6;GNPTG;H2AC25;EIF6;FXYD2;GIPC1;H2AC20;PPT1;HLA-DRB1;BTG2;ARPC1B;ARPC1A;RPLP0;TUBA1A;SMPD1;RACK1;TSPO;RPLP2;ANXA7;SH3BGRL3;TIMP1;LYPLA2;SERPINB1;TPI1;SSR4;GSTO1;NUTF2;F2;TMC4;SERPINB6;PSMA5;VAMP8;FCER2;PSMA4;ANGPTL6;TKT;VAMP5;ARF5;ARF6;PCYOX1;CRB2;GRN;GSTP1;RPL12;RPL11;PSMA7;PSMB6;RIDA;PSMB4;RPS15A;PSMB5;PSMB2;PSMB3;PPP1R7;LMAN2;PSMB1;RPL14;RPS3;RPS2;RPS27A;TRMT10A;MDH2;GSS;F12;TUBB4B;PSMB8;PSMB9;TMEM59;FABP3;PSMC5;FABP5;SERBP1;LAMTOR1;CCL28;NUCB2;HSPA1B;CRB3;HSPA1A;KCNG2;UBE2D2;PDCD5;SAT2;PARK7;APEH;RPL10A;EPX;LAMP1;NAGLU;RUVBL2;CFL1;AP2M1;TOR3A;RPS9;RPS8;RPS5;IGFBP2;RPSA;TUBA4A;SYPL1;RAB34;SMS;S100A6;S100A4;PHPT1;SRSF7;S100A9;S100A8;FTL;CPB2;RAB5C;CNP;ARL3;CORO1A;CORO1B;ACAT1;PMVK;ESD;RAB4A;ZG16B;ARPC4;FUZ;ARPC5;GGCT;ARPC2;ARPC3;NACA;HLA-DRA;NIT2;SLC25A1;ALK;SLC25A3;HSP90AB1;ITGB4;BRK1;FCGR3A;SCRN2;PGLS;ACP1;EDIL3;HSP90AA1;GPX4;RNASET2;AHSA1;LCK;NPC2;RPL37A;GAPDH;ITIH2;VPS4A;GLRX;SRI;PARD6B;RAB25;DNAJB9;PCBD1;HNRNPA1;H2AZ1;H2AZ2;MARCKSL1;DUT;SLC12A1;RPL35A;RPL23A;DNAJA1;EIF3I;GLOD4;SCGB1A1;DNAJA2;RAB13;EIF3H;EIF3E;PDCD2;TPT1;CPNE5;CPNE7;SLC23A1;NUDT5;ACTB;TXNDC17;LGALS3;RPS14;LGALS1;RPS16;SNRPD2;RPS19;RPS18;BSG;CPNE1;CPNE3;ATP6V1E1;RPS11;PTGDS;RPS13;ATP6V1G1;KRT2;BROX;ECH1;OMD;TALDO1;HLA-C;MOGS;MIF;HLA-E;PPA1;SUB1;CSNK2B;VDAC3;TAGLN2;VDAC1;PFN1;PLPP1;PFN2;CUTA;CETP;IGSF8;SLC22A5;KLK1;STXBP2;TWF2;TXN;PPL;MYL12A;MYL12B;CD79B;SNX3;SEC14L3;SYNGR2;RRAS;ATP6V0A4;ASL;VASP;VAT1;LRRN4;BST2;RPS26;RPS25;RPS28;RPS29;RPS20;ANP32B;LDHAL6A;ITM2B;ITM2C;H2AX;SLC35F6;SLC44A4;CLIC3;AKR1B1;MYL6B;ORM2;KHK;JCHAIN;VMO1;HINT1;CTSL;HYAL1;CHMP1A;RAC2;SDF4;CD37;RAC1;CTSF;CTSD;CLIC1;CAMP;UBXN6;H3-3A;CCT3;CBR1;CCT2;TMED9;TUBB;AKR1A1;RHOG;CACYBP;RHOA;APRT;NME1;H2AJ;RAP2B;UFC1;TAX1BP3;CD48;CSTB;CD63;CAPG;NEDD8;GNAI2;CST3;NT5C;ATP5F1A;ATP5F1B;CD59;CCT8;CCT7;CD70;GDF15;AKR1C3;AKR1C4;KRT10;SVIP;PLEKHA7;PPP1CA;AXL;CAPZA1;CD81;MPI;PEBP1;CIB1;COMT;ACTG2;ACTG1;FBL;AKR7A2;SIT1;ARHGDIB;TGM4;TUFM;EEF1A1;PROCR;TMEM256;UBE2V2;CMPK1;PPIA;PMEL;PROZ;FUT2;FBLN5;DPP7;UBB;PODXL;UBC;PACSIN3;MYH10;ATP6V1F;MPST;HSPA8;RARRES1;IDH2;HSPA6;DSTN;QDPR;GRHPR;EIF2S3;GNB2;GNAS;CHMP2A;GALK1;LGALS3BP;B4GALT3;YWHAB;HSPB1;DBI;YBX1;DNPH1;RPS4X;HEBP1;HEBP2;CA1;UPK1B;CALB1;NAPRT;FLOT1;CA6;TMEM109;GET3;GFUS;GUSB;YWHAH;ATP6AP1;DCXR;ATP6AP2;ABHD14B;RPS3A;DDX19B;DDAH2;THRAP3;MMRN2;BLVRB;CHMP3;DNASE2;OTUB1;CHMP5;NAXE;SLC3A1;SLC3A2;PKD1L3;RETN;MAT2B;CLN5;GNG5;DDT;MVB12A;EPS8L2;NHERF2;B3GAT3;LAMB1;HSPE1;SOD1;GNPDA1;BAX;GALM;S100P;VIM;SSBP1;RAN;RPL26L1
13,GO_Biological_Process_2026,Mitochondrial Gene Expression (GO:0140053),7.761697342644417e-24,2.5757747038518543e-21,0,0,7.7319697279607285,411.4400772342247,MRPS17;MRPS15;MRPS16;MRPS14;MRPS12;MRPL39;MRPS10;MRPL36;MRPL34;MRPL35;MRPL32;MRPL33;MRPL4;MRPL41;MRPL2;MRPL40;FASTK;CHCHD1;MRPS28;MRPS26;MRPS23;MRPS18B;MRPL49;MRPS2;MRPS21;MRPL47;TFB2M;MRPL45;MRPS7;MRPL43;MRPS18C;TUFM;MRPL44;MRPL52;MRPL50;MRPL51;TFAM;AURKAIP1;DAP3;MRPS35;MRPL18;MRPS33;MRPS34;MRPL16;MRPL17;MRPL14;MRPL58;MRPL15;MRPS30;MRPL12;MRPL13;MRPL57;MRPL10;MRPL54;MRPL11;MRPL55;MRPL20;GADD45GIP1;MRPL27;MRPL28;MRPL23;MRPL24;MRPL21;MRPL22
5681,GO_Cellular_Component_2026,Extracellular Vesicle (GO:1903561),5.900983120516768e-23,4.1896980155669055e-21,0,0,1.7842690726319723,91.32663160207369,RPL4;RPL5;RPL30;PGLYRP2;RNH1;RPL31;RPL34;SERPINE1;ARPC5L;GHITM;ENO1;PSMD7;CAPNS1;STMN1;PGAP6;CHID1;GSTK1;RPL23;RPL22;SYTL1;PDZK1;SCAMP3;SCAMP2;MYL6;RBP5;PSME1;PSME2;RPL24;RPL27;HPRT1;RPL26;VPS25;HPD;RPL28;UBA52;VPS28;CFD;SHMT2;SHMT1;TPRG1L;A1BG;ADH5;C2;LDHB;PRDX2;LDHA;PRDX5;PRDX4;PRDX1;CHST14;S100A11;S100A10;ST13;SNF8;PA2G4;PRDX6;GNPTG;H2AC25;EIF6;FXYD2;GIPC1;H2AC20;PPT1;HLA-DRB1;BTG2;ARPC1B;ARPC1A;RPLP0;TUBA1A;SMPD1;RACK1;TSPO;RPLP2;ANXA7;SH3BGRL3;TIMP1;LYPLA2;SERPINB1;TPI1;SSR4;GSTO1;NUTF2;F2;TMC4;SERPINB6;PSMA5;VAMP8;FCER2;PSMA4;ANGPTL6;TKT;VAMP5;ARF5;ARF6;PCYOX1;CRB2;GRN;GSTP1;RPL12;RPL11;PSMA7;PSMB6;RIDA;PSMB4;RPS15A;PSMB5;PSMB2;PSMB3;PPP1R7;LMAN2;PSMB1;RPL14;RPS3;RPS2;RPS27A;TRMT10A;MDH2;GSS;F12;TUBB4B;PSMB8;PSMB9;TMEM59;FABP3;PSMC5;FABP5;SERBP1;LAMTOR1;CCL28;NUCB2;HSPA1B;CRB3;HSPA1A;KCNG2;UBE2D2;PDCD5;SAT2;PARK7;APEH;RPL10A;EPX;LAMP1;NAGLU;RUVBL2;CFL1;AP2M1;TOR3A;RPS9;RPS8;RPS5;IGFBP2;RPSA;TUBA4A;SYPL1;RAB34;SMS;S100A6;S100A4;PHPT1;SRSF7;S100A9;S100A8;FTL;CPB2;RAB5C;CNP;ARL3;CORO1A;CORO1B;ACAT1;PMVK;ESD;RAB4A;ZG16B;ARPC4;FUZ;ARPC5;GGCT;ARPC2;ARPC3;NACA;HLA-DRA;NIT2;SLC25A1;ALK;SLC25A3;HSP90AB1;ITGB4;BRK1;FCGR3A;SCRN2;PGLS;ACP1;EDIL3;HSP90AA1;GPX4;RNASET2;AHSA1;LCK;NPC2;RPL37A;GAPDH;ITIH2;VPS4A;GLRX;SRI;PARD6B;RAB25;DNAJB9;PCBD1;HNRNPA1;H2AZ1;H2AZ2;MARCKSL1;DUT;SLC12A1;RPL35A;RPL23A;DNAJA1;EIF3I;GLOD4;SCGB1A1;DNAJA2;RAB13;EIF3H;EIF3E;PDCD2;TPT1;CPNE5;CPNE7;SLC23A1;NUDT5;ACTB;TXNDC17;LGALS3;RPS14;LGALS1;RPS16;SNRPD2;RPS19;RPS18;BSG;CPNE1;CPNE3;ATP6V1E1;RPS11;PTGDS;RPS13;ATP6V1G1;KRT2;BROX;ECH1;OMD;TALDO1;HLA-C;MOGS;MIF;HLA-E;PPA1;SUB1;CSNK2B;VDAC3;TAGLN2;VDAC1;PFN1;PLPP1;PFN2;CUTA;CETP;IGSF8;SLC22A5;KLK1;STXBP2;TWF2;TXN;PPL;MYL12A;MYL12B;CD79B;SNX3;SEC14L3;SYNGR2;RRAS;ATP6V0A4;ASL;VASP;VAT1;LRRN4;BST2;RPS26;RPS25;RPS28;RPS29;RPS20;ANP32B;LDHAL6A;ITM2B;ITM2C;H2AX;SLC35F6;SLC44A4;CLIC3;AKR1B1;MYL6B;ORM2;KHK;JCHAIN;VMO1;HINT1;CTSL;HYAL1;CHMP1A;RAC2;SDF4;CD37;RAC1;CTSF;CTSD;CLIC1;CAMP;UBXN6;H3-3A;CCT3;CBR1;CCT2;TMED9;TUBB;AKR1A1;RHOG;CACYBP;RHOA;APRT;NME1;H2AJ;RAP2B;UFC1;TAX1BP3;CD48;CSTB;CD63;CAPG;NEDD8;GNAI2;CST3;NT5C;ATP5F1A;ATP5F1B;CD59;CCT8;CCT7;CD70;GDF15;AKR1C3;AKR1C4;KRT10;SVIP;PLEKHA7;PPP1CA;AXL;CAPZA1;CD81;MPI;PEBP1;CIB1;COMT;ACTG2;ACTG1;FBL;AKR7A2;SIT1;ARHGDIB;TGM4;TUFM;EEF1A1;PROCR;TMEM256;UBE2V2;CMPK1;PPIA;PMEL;PROZ;FUT2;FBLN5;DPP7;UBB;PODXL;UBC;PACSIN3;MYH10;ATP6V1F;MPST;HSPA8;RARRES1;IDH2;HSPA6;DSTN;QDPR;GRHPR;EIF2S3;GNB2;GNAS;CHMP2A;GALK1;LGALS3BP;B4GALT3;YWHAB;HSPB1;DBI;YBX1;DNPH1;RPS4X;HEBP1;HEBP2;CA1;UPK1B;CALB1;NAPRT;FLOT1;CA6;TMEM109;GET3;GFUS;GUSB;YWHAH;ATP6AP1;DCXR;ATP6AP2;ABHD14B;RPS3A;DDX19B;DDAH2;THRAP3;MMRN2;BLVRB;CHMP3;DNASE2;OTUB1;CHMP5;NAXE;SLC3A1;ATP1A3;SLC3A2;PKD1L3;RETN;MAT2B;CLN5;GNG5;DDT;MVB12A;EPS8L2;NHERF2;B3GAT3;LAMB1;HSPE1;SOD1;GNPDA1;BAX;GALM;S100P;VIM;SSBP1;RAN;RPL26L1
14,GO_Biological_Process_2026,Regulation of Myoblast Fusion (GO:1901739),1.9060217109861197e-23,5.9035845794943416e-21,0,0,18.832901314571377,985.2326659375298,RPL4;RPL5;RPL30;RPL32;RPL10;RPL31;RPL34;RPLP1;RPL12;RPLP0;RPL11;RPL36A;RPL10A;RPL8;RPL9;RPL6;RPL7;RPL7A;RPL18A;RPL36;RPL14;RPL35;RPLP2;RPL13;RPL38;RPL37;RPL15;RPL18;RPL39;RPL19;RPL41;RPL21;RPL23;RPL13A;RPL35A;RPL23A;RPL27A;RPL37A;RPL24;RPL27;RPL29;RPL28;UBA52
15,GO_Biological_Process_2026,Mitochondrial Translation (GO:0032543),3.545420681976849e-22,1.0295015305290276e-19,0,0,7.3650143090760425,363.76700686609354,MRPS17;MRPS15;MRPS16;MRPS14;MRPS12;MRPL39;MRPS10;MRPL36;MRPL34;MRPL35;MRPL32;MRPL33;MRPL4;MRPL41;MRPL2;MRPL40;CHCHD1;MRPS28;MRPS26;MRPS23;MRPS18B;MRPL49;MRPS2;MRPS21;MRPL47;MRPL45;MRPS7;MRPL43;MRPS18C;TUFM;MRPL44;MRPL52;MRPL50;MRPL51;AURKAIP1;DAP3;MRPS35;MRPL18;MRPS33;MRPS34;MRPL16;MRPL17;MRPL14;MRPL58;MRPL15;MRPS30;MRPL12;MRPL13;MRPL57;MRPL10;MRPL54;MRPL11;MRPL55;MRPL20;GADD45GIP1;MRPL27;MRPL28;MRPL23;MRPL24;MRPL21;MRPL22
5682,GO_Cellular_Component_2026,Cytosolic Small Ribosomal Subunit (GO:0022627),1.3369342039240652e-20,7.799044389262477e-19,0,0,31.74036585365854,1452.4811268162316,RPS27L;RPS15;RPS4X;RPS14;RPS17;RPS15A;RPS16;RPS19;RPS18;RPS3;RPS2;RPS11;RPS27A;RPS10;RPS13;RPS12;RPS9;RPS7;RPS8;RPS5;RPS6;RPS3A;RPSA;RPS26;RPS25;RPS28;RPS27;RPS29;RPS20;FAU;RPS21;RPS24;RPS23
5683,GO_Cellular_Component_2026,Small Ribosomal Subunit (GO:0015935),1.464609274978869e-20,7.799044389262477e-19,0,0,27.256217388358067,1244.7945378770369,RPS27L;RPS15;RPS4X;RPS14;RPS17;RPS15A;RPS16;RPS19;RPS18;RACK1;RPS3;RPS2;RPS11;RPS27A;RPS10;RPS13;RPS12;RPS9;RPS7;RPS8;RPS5;RPS6;RPS3A;RPSA;RPS26;RPS25;RPS28;RPS27;RPS29;RPS20;FAU;RPS21;RPS24;RPS23
16,GO_Biological_Process_2026,"Mitochondrial Electron Transport, NADH to Ubiquinone (GO:0006120)",7.756827565470555e-21,2.1198953452456588e-18,0,0,49.67851821752675,2300.39923273611,NDUFB9;NDUFB8;NDUFB7;NDUFB10;NDUFB6;NDUFB5;NDUFB4;NDUFB3;NDUFB2;NDUFB1;NDUFV3;NDUFV2;NDUFV1;NDUFA9;NDUFA8;NDUFA7;NDUFA6;NDUFA5;NDUFA3;NDUFA2;NDUFA1;NDUFC2;NDUFC1;NDUFS8;NDUFS7;NDUFS6;NDUFS5;NDUFAB1;NDUFS3;NDUFS2;NDUFAF1
17,GO_Biological_Process_2026,Mitochondrial Respiratory Chain Complex Assembly (GO:0033108),1.761395229811961e-20,4.546356798725762e-18,0,0,7.581549320422329,344.85128656693524,NDUFA13;ECSIT;TMEM223;UQCRFS1;COA8;COA6;COA5;RAB5IF;CMC1;NDUFC2;BCS1L;COX7A2L;NDUFS8;SCO1;NDUFS7;SDHAF2;SDHAF3;NDUFS5;SDHAF1;TMEM126A;NDUFS3;NDUFS2;TMEM126B;FXN;SMIM20;COX19;COX16;DMAC1;ATP23;DMAC2;COX17;HIGD1A;HIGD1B;MTLN;FOXRED1;PET117;TMEM70;STMP1;COX14;COA3;SURF1;NDUFA6;UQCC3;PET100;UQCC2;UQCC4;ATP5F1D;HIGD2A;NDUFAF8;LYRM2;FMC1;NDUFAF4;NDUFAF3;NDUFAF1;OCIAD2
18,GO_Biological_Process_2026,Aerobic Respiration (GO:0009060),4.4027852979518804e-16,1.0765968681202334e-13,0,0,4.997872103386809,176.72038006449307,NDUFA13;NDUFA11;NDUFA12;ENO1;CSKMT;IDH3B;TPI1;NDUFC2;SDHC;NDUFC1;SDHD;SDHB;SIRT3;NDUFS8;NDUFS7;SDHAF2;NDUFS6;NDUFS5;UQCRC1;NDUFS3;NDUFS2;GAPDH;NDUFB9;NDUFB8;NDUFB7;NDUFB10;UQCRB;NDUFB6;NDUFB11;NDUFB5;NDUFB4;NDUFB3;NDUFB2;NDUFB1;COX7A2;UQCRH;LDHA;BLOC1S1;NDUFV3;NDUFV2;NDUFV1;NDUFA9;NDUFA8;SURF1;NDUFA7;NDUFA6;NDUFA5;IDH3G;MDH2;NDUFA3;IDH2;NDUFA2;NDUFA1;ATP5F1C;ATP5F1D;KGD4;NDUFAB1
5684,GO_Cellular_Component_2026,Mitochondrial Matrix (GO:0005759),3.585255644513303e-15,1.6970210050696301e-13,0,0,2.418915689779563,80.45784453700637,ISCA2;ISCA1;ACAA2;ECI1;NUDT1;NUDT2;ALKBH7;TXN2;NFU1;HYKK;FLAD1;CSKMT;FDXR;NUDT13;GSTK1;CMC1;ECH1;SDHB;CLPP;ETHE1;BOLA3;FDX1;FDX2;TFAM;ADPRS;AURKAIP1;ISCU;LIPT2;LIPT1;SHMT2;MRPL18;ARL2;MRPL12;LIAS;MRPL13;MRPL11;ACAT1;PRDX3;MRPL20;PRDX5;RNASEH1;GRPEL1;BLOC1S1;PUSL1;DNAJC19;MPST;UQCC2;IDH2;MRPL28;MTHFS;ERAL1;DNAJC15;MCAT;COQ5;YRDC;NDUFAF8;STAR;PIN4;ALAS2;MRPS15;MRPS14;MRPS12;MRPL39;MRPS10;ETFB;MRPL34;MRPL35;MRPL32;MRPL40;MTG1;FASTK;C1QBP;IDH3B;UQCRFS1;ACADM;GLRX5;MRPL49;SIRT4;AMT;MRPS2;DARS2;NME4;TFB2M;REXO2;MRPL43;NIPSNAP1;SIRT3;SMDT1;MRPL51;SARS2;NDUFS8;TST;NDUFS7;SDHAF3;SDHAF1;RPUSD3;NDUFS3;NDUFS2;HAGH;FXN;NDUFB8;ECHS1;OAT;NAXE;POLDIP2;MRPL58;MALSU1;MRPL57;MRM1;HSD17B8;RBFA;RIDA;ATP5F1A;ATP5F1B;RPS3;TEFM;GADD45GIP1;NDUFA9;PTCD1;TRMT10C;FAHD1;MDH2;IDH3G;MMAB;ATP5PB;ATP5F1C;HSPE1;ATP5F1D;ATP5F1E;SOD1;GSTZ1;NDUFAB1;ETFBKMT;SLIRP;SSBP1
19,GO_Biological_Process_2026,Ribosome Biogenesis (GO:0042254),8.137902463109588e-16,1.8904347421803574e-13,0,0,3.7631827056881804,130.75113969430953,RPL5;POP4;PAK1IP1;WDR46;RPL7;RRP9;RPS15;RPS4X;FBL;RPS14;RPS17;RPS16;RPS19;NOB1;RPS11;RPS13;RPS12;RPS9;RPS7;UTP11;EIF1AX;IMP3;RPS8;PIH1D1;RPS5;NGDN;RPS6;GTF3A;IMP4;RPS3A;EBNA1BP2;DKC1;GRWD1;MRTO4;CINP;SBDS;RPL27;RPL26;FSAF1;RPS19BP1;NIP7;RPL11;NOL7;RPS27L;SNU13;MALSU1;MRM1;EXOSC5;EXOSC4;RPS15A;RRS1;RPL14;METTL5;RRP36;RPS27A;LYAR;NPM1;NOP16;KRR1;UTP3;WDR18;RPL35A;RPS25;RPS28;RPS27;EIF6;PIN4;PDCD2;RBIS;RSL24D1;NOP53;RPS24;RAN;RPS23
5685,GO_Cellular_Component_2026,Ribosome (GO:0005840),7.201021878128813e-15,3.0676353200828745e-13,0,0,10.985920399454233,357.7515920613094,MRPS12;RPL36A;MRPL13;RPL9;MRPL4;RPS4X;RPL7A;RPS17;SERP1;RPS19;RPS18;DNAJC21;RPS3;RPL15;RPS11;RPS10;RPS13;RPS9;RPS7;RPL23;RPS5;RPL13A;MRPS7;EEF1A1;RPS26;RPS25;RPS28;RPS27;RPS29;APEX1;RPL27;RPS23
20,GO_Biological_Process_2026,Muscle Contraction (GO:0006936),3.317969486426543e-15,7.340612492351295e-13,0,0,4.658244017946162,155.30316961277504,RPL4;RPL5;RPL30;RPL32;RPL31;RPL34;RPLP1;RPLP0;MYL6B;RPL10A;RPL8;RPL9;RPL6;LMOD3;RPL7;LMOD2;RPL7A;RPL18A;RPL36;RPL35;RPLP2;RPL38;RPL37;RPL39;EMD;SNTA1;CHRNB2;GAMT;CHRNB1;RPL21;MYL11;RPL23;TNNC1;RPL13A;MYL4;MYL6;RPL37A;RPL24;RPL27;RPL29;RPL28;UBA52;RPL10;RPL12;RPL11;RPL36A;GLRA1;GALR2;RPL14;RPL13;RPL15;RPL18;RPL19;RPL41;RPL35A;RPL23A;RPL27A
21,GO_Biological_Process_2026,Striated Muscle Contraction (GO:0006941),8.476160659676685e-15,1.7900110193117216e-12,0,0,5.504354157565166,178.34943471835345,RPL4;RPL5;RPL30;RPL32;RPL10;RPL31;RPL34;RPLP1;RPL12;RPLP0;RPL11;RPL36A;RPL10A;RPL8;RPL9;RPL6;LMOD3;RPL7;RPL7A;RPL18A;RPL36;RPL14;RPL35;RPLP2;RPL13;RPL38;RPL37;RPL15;RPL18;RPL39;RPL19;KCNH2;CHRNB1;RPL41;RPL21;RPL23;TNNC1;RPL13A;RPL35A;RPL23A;MYL4;RPL27A;RPL37A;RPL24;RPL27;RPL29;RPL28;UBA52
22,GO_Biological_Process_2026,Protein-RNA Complex Assembly (GO:0022618),2.3275924420445708e-14,4.701736732930033e-12,0,0,3.5948427239968455,112.84699078739007,ISY1;RPL5;TXNL4B;HSP90AB1;PDCD7;GEMIN2;CELF4;USP39;COIL;RPS14;RPS19;SNRPD2;CLP1;SNRPD1;DENR;SNRPD3;SNRNP35;TXNL4A;ABT1;HSP90AA1;RPSA;SCNM1;SNRPG;SNRNP27;STRAP;GEMIN6;SNRPE;SNRNP25;SNRPF;SNRPC;SRSF6;SNRPA;SNRPB;SF3B5;TSSC4;SF3B6;RPL11;SNU13;PUF60;RRS1;BRIX1;SNRPB2;SRSF10;MCTS1;PTGES3;ERAL1;LSM5;LSM4;LSM3;LSM2;LSM8;LSM7;RPS28;EIF3M;EIF2S3;LSM6;PHF5A;EIF6;EIF3K;EIF3L;EIF3I;EIF3G;EIF3H;RBM42;EIF3E;PRPF31;EIF3F;FAU;EIF3D;NOP53
23,GO_Biological_Process_2026,Ribonucleoprotein Complex Biogenesis (GO:0022613),3.4580787471129135e-13,6.694264107952749e-11,0,0,4.02788182835059,115.57158251679266,RPL5;PAK1IP1;WDR46;RPL7;RRP9;RPS15;RPS4X;FBL;RPS14;RPS17;RPS16;RPS19;RPS11;RPS13;RPS12;RPS9;RPS7;UTP11;IMP3;RPS8;RPS5;NGDN;RPS6;GTF3A;IMP4;RPS3A;EBNA1BP2;GRWD1;MRTO4;CINP;RPL26;FSAF1;RPS19BP1;NIP7;RPL11;NOL7;SNU13;MALSU1;RPS15A;RRS1;RPL14;RRP36;RPS27A;NPM1;NOP16;KRR1;UTP3;RPL35A;RPS25;RPS28;RPS27;PDCD2;RBIS;RSL24D1;RPS24;RPS23
24,GO_Biological_Process_2026,Ribosomal Small Subunit Biogenesis (GO:0042274),4.23857860471552e-13,7.876974479003322e-11,0,0,5.037030192756013,143.50185832047558,RPS19BP1;TSR3;NOL7;SNU13;WDR46;RRP9;RPS15;RPS4X;FBL;RPS14;TRMT112;RPS17;RPS16;RPS15A;NOB1;RPS19;RRP36;RPS11;RPS27A;RPS13;RPS12;RPS9;NPM1;RPS7;UTP11;IMP3;RPS8;KRR1;UTP3;RPS5;NGDN;RPS6;IMP4;RPS3A;RPSA;ERAL1;RPS25;RPS28;LSM6;RPS27;PDCD2;FAU;FSAF1;RPS24;RPS23
5686,GO_Cellular_Component_2026,Nucleolus (GO:0005730),1.7787661246596258e-11,6.888676082772733e-10,0,0,1.8666920785154206,46.20532570365668,RPL4;POP5;RPL5;SRP19;POP7;POP4;NUCKS1;IFI35;RPL8;RPL10A;RPL9;PWP1;RPL7;RRP9;ALKBH2;PPP1CC;RPS14;FBL;ENDOV;RPS19;RBMX2;MYC;RPL36;PIM1;NUSAP1;RPL35;HMGN2;SNRNP35;RPS11;RPS10;RPS13;ABT1;RPS9;RPS7;IMP3;PIH1D1;RPL23;NGDN;RPS6;IMP4;P3H4;HDHD3;ILF2;MIF4GD;EEF1A1;EBNA1BP2;EID3;DKC1;GRWD1;SUB1;MRTO4;SBDS;RPL27;RPL26;RPL29;SLBP;CERKL;MEAF6;RPS19BP1;ARL2;SNU13;AK6;ANAPC11;DNAJC21;RRS1;BRIX1;LLPH;LYAR;XRCC6;UBE2I;NOP16;CCDC137;PYM1;KNOP1;MAD2L1BP;UPF3A;DOLK;PA2G4;H1-2;RPS26;ISG20;RPS25;LSM6;RGCC;RIOX1;STAG3;PIN4;MAGED2;ANP32B;NOL12;RBIS;RSL24D1;CUTC;UBE2M;ZNF771;FEN1;PAK1IP1;HMGB2;PSIP1;WDR46;H1-10;COIL;RPL7A;SUMO1;SFR1;CASP6;ZNF404;RAC1;BUD23;GET3;RBM7;METTL18;PARP1;UTP11;NSUN5;RPL13A;ABHD14B;SIRT6;EDF1;RPS3A;SIRT7;DDX50;NSA2;ARL4A;C1D;FRG1;TUT1;ANG;FAM32A;FSAF1;DDX28;CSTB;MAGEH1;DDX24;NIP7;RPL11;NOL7;RPS27L;CAPG;EXOSC6;EXOSC5;HIRIP3;EXOSC4;SAP30L;EXOSC8;RPS3;RPL13;RRP36;DNAJB9;METTL5;RPS2;RPS27A;SLX9;DEDD;EXOSC1;RPL19;TRMT10A;CENPV;NPM1;NPM2;NIFK;UTP3;KRR1;TAF13;MCRS1;RPL23A;DEK;NPM3;GTF2H5;NLE1;HINFP;RSL1D1;RAD51;APEX1;PDCD2;CIAPIN1;FAU;NOP53;RAN
5687,GO_Cellular_Component_2026,Nuclear Lumen (GO:0031981),4.259444226760878e-11,1.5121027005001115e-09,0,0,1.83098369071595,43.72260396498093,RPL4;POP5;RPL5;SRP19;POP7;POP4;NUCKS1;IFI35;RPL8;RPL10A;RPL9;PWP1;RPL7;RRP9;ALKBH2;PPP1CC;RPS14;FBL;ENDOV;RPS19;RBMX2;MYC;RPL36;PIM1;NUSAP1;RPL35;HMGN2;SNRNP35;RPS11;RPS10;RPS13;ABT1;RPS9;RPS7;IMP3;PIH1D1;RPL23;NGDN;RPS6;IMP4;P3H4;HDHD3;ILF2;MIF4GD;EEF1A1;EBNA1BP2;EID3;DKC1;GRWD1;SUB1;MRTO4;SBDS;RPL27;RPL26;RPL29;SLBP;CERKL;MEAF6;RPS19BP1;ARL2;SNU13;AK6;ANAPC11;SWI5;DNAJC21;RRS1;BRIX1;LLPH;LYAR;XRCC6;UBE2I;NOP16;CCDC137;PYM1;KNOP1;MAD2L1BP;UPF3A;DOLK;PA2G4;H1-2;RPS26;ISG20;RPS25;LSM6;RGCC;RIOX1;STAG3;PIN4;MAGED2;ANP32B;NOL12;RBIS;RSL24D1;CUTC;UBE2M;ZNF771;FEN1;PAK1IP1;HMGB2;PSIP1;WDR46;H1-10;COIL;RPL7A;SUMO1;SFR1;CASP6;ZNF404;RAC1;BUD23;GET3;RBM7;METTL18;PARP1;UTP11;NSUN5;RPL13A;ABHD14B;SIRT6;EDF1;RPS3A;SIRT7;DDX50;NSA2;ARL4A;C1D;FRG1;TUT1;BIRC5;TERF2IP;ANG;FAM32A;FSAF1;DDX28;CSTB;MAGEH1;DDX24;NIP7;RPL11;NOL7;RPS27L;CAPG;EXOSC6;EXOSC5;HIRIP3;EXOSC4;SAP30L;EXOSC8;RPS3;RPL13;RRP36;DNAJB9;METTL5;RPS2;RPS27A;SLX9;DEDD;EXOSC1;RPL19;TRMT10A;CENPV;NPM1;NPM2;NIFK;UTP3;KRR1;TAF13;MCRS1;RPL23A;DEK;NPM3;GTF2H5;NLE1;HINFP;RSL1D1;RAD51;APEX1;PDCD2;CIAPIN1;FAU;NOP53;RAN
5688,GO_Cellular_Component_2026,Intracellular Membraneless Organelle (GO:0043232),2.032860944563654e-10,6.661528941416281e-09,0,0,1.601847782869818,35.74748674902065,RPL4;POP5;RPL5;POP7;POP4;IFI35;RPL8;RPL9;PWP1;ACTB;RPL7;RRP9;CDC20;UXT;ALKBH2;RPS14;ENDOV;CFAP276;RPS17;RPS19;RPS18;MYC;RPL36;RPL35;CIAO2B;RPS11;RPS10;RPS13;ABT1;IMP3;PIH1D1;RPL23;NGDN;IMP4;P3H4;HDHD3;MIF4GD;EID3;BIN1;SUB1;GRWD1;JTB;RPL27;RPL26;RPL29;RHNO1;SLBP;CERKL;SET;MEAF6;CDCA5;SNU13;MRPL13;PPL;ANAPC11;RRS1;LYAR;XRCC6;KNOP1;MAD2L1BP;UPF3A;PA2G4;H1-2;SOX30;RPS26;RPS25;RPS28;RPS27;STAG3;RPS29;SASS6;LDAF1;MAGED2;ANP32B;NOL12;REC114;CUTC;RPS23;FEN1;PAK1IP1;MRPS12;HILPDA;INTS15;WDR46;COIL;HINT1;SERP1;RAC2;C19ORF12;RAC1;EMD;CCT3;CCDC110;NUDC;PARP1;NSUN5;TUBB;RHOG;SIRT6;SIRT7;DYNLL1;MRPS7;MZT2B;MZT2A;NSA2;FRG1;TUT1;FAM32A;PLIN2;FSAF1;CSTB;MAGEH1;ELOF1;NIP7;RPL11;NOL7;RPS27L;CAPG;FAAP20;EXOSC6;EXOSC5;EXOSC4;PPP1R7;EXOSC8;RPS3;RPL13;RRP36;METTL5;RPL15;RPS2;SHOC1;RPS27A;SLX9;EXOSC1;DEDD;RPL19;BCAP31;TRMT10A;CENPV;NPM1;NPM2;UTP3;MCRS1;KRT10;NPM3;TUBB4B;NLE1;GTF2H5;MZT1;HINFP;MAD2L2;RSL1D1;CENPH;APEX1;CAPZA1;PNPLA3;PNPLA4;CIAPIN1;FAU;SRP19;GIMAP2;NUCKS1;RPL10A;GIMAP7;ACTG1;PPP1CC;FBL;RBMX2;ARHGDIB;PIM1;NUSAP1;HMGN2;SNRNP35;RPS9;RPS7;RPS5;RPS6;ILF2;TUBA4A;EEF1A1;FRMD5;EBNA1BP2;DKC1;MRTO4;SBDS;S100A9;S100A8;RAB5C;RPS19BP1;ARL2;AK6;CNN2;SYCE3;DNAJC21;BRIX1;LLPH;SAC3D1;UBE2I;NOP16;CCDC137;CBX3;PYM1;TBCC;DOLK;ISG20;BFSP2;RGCC;LSM6;RIOX1;PIN4;RBIS;RSL24D1;UBE2M;ZNF771;HMGB2;PSIP1;HSPB1;LDB3;H1-10;LMOD3;LMOD2;MRPL4;RPS4X;RPL7A;SUMO1;SFR1;CASP6;ZNF404;BUD23;GET3;RBM7;METTL18;UTP11;ABHD14B;RPL13A;EDF1;RPS3A;DDX50;ARL4A;C1D;DCX;ANG;ITGB1BP1;GAPDH;DDX28;DDX24;UHRF1;RPL36A;HSD17B11;AURKB;PDLIM1;HIRIP3;KATNA1;SAP30L;DNAJB9;MAPK3;NIFK;TAF13;KRR1;RPL23A;DEK;C1ORF146;RAD51;PRC1;PDCD2;VIM;NOP53;RAN
5689,GO_Cellular_Component_2026,Mitochondrial Intermembrane Space (GO:0005758),2.2231258527071085e-10,6.764654380380201e-09,0,0,4.946534937683898,109.94631885845351,COX19;STOML2;NDUFB7;COX4I1;TIMM9;COX17;TIMM13;ARL2;TRIAP1;TIMM10;PPOX;COX5A;CHCHD5;CHCHD2;BLOC1S1;STMP1;COA6;PRELID3B;COA4;TIMM8B;NDUFA8;TIMM8A;PRELID1;TIMM29;CMC4;UQCC2;CMC1;CHCHD10;NME4;REXO2;COX6C;SOD1;HAX1;STAR;CYCS
5691,GO_Cellular_Component_2026,U4/U6 X U5 tri-snRNP Complex (GO:0046540),4.479332348894681e-10,1.1926222378932089e-08,0,0,9.594402758061245,206.53273012957962,TXNL4B;SNRPN;SNU13;USP39;LSM5;LSM4;LSM3;LSM2;LSM8;LSM7;LSM6;SNRPD2;ZMAT2;SNRPD1;SNRPG;CD2BP2;PRPF31;SNRPE;SNRPD3;SNRPF;TXNL4A;SNRPB
5690,GO_Cellular_Component_2026,Spliceosomal tri-snRNP Complex (GO:0097526),4.479332348894681e-10,1.1926222378932089e-08,0,0,9.594402758061245,206.53273012957962,TXNL4B;SNRPN;SNU13;USP39;LSM5;LSM4;LSM3;LSM2;LSM8;LSM7;LSM6;SNRPD2;ZMAT2;SNRPD1;SNRPG;CD2BP2;PRPF31;SNRPE;SNRPD3;SNRPF;TXNL4A;SNRPB
25,GO_Biological_Process_2026,RRNA Metabolic Process (GO:0016072),9.655641302305481e-11,1.7253888265581256e-08,0,0,3.882795433662616,89.54073270591795,TRIR;RPL5;POP4;RPL11;RPS27L;MRM1;RPL7;RRP9;RPS15;FBL;EXOSC6;RPS17;EXOSC5;RPS16;EXOSC4;RPS19;NOB1;MYC;EXOSC8;RPL14;METTL5;RRP36;LYAR;RPS7;NIFK;IMP3;PIH1D1;WDR18;RPS6;GTF3A;RPL35A;IMP4;SIRT7;RPS25;EBNA1BP2;RPS28;RPS27;DKC1;MRTO4;SBDS;RPL27;PIN4;ANG;RPL26;NOP53;RPS24
26,GO_Biological_Process_2026,RRNA Processing (GO:0006364),1.6420880349537084e-10,2.8256077816277518e-08,0,0,3.2696010969455913,73.66372790136391,RPL5;POP4;WDR46;RPL7;RRP9;RPS15;FBL;RPS14;RPL7A;TRMT112;RPS17;RPS16;RPS19;NOB1;RRP15;RPS7;UTP11;IMP3;PIH1D1;NGDN;RPS6;IMP4;EBNA1BP2;NSA2;DKC1;MRTO4;C1D;SBDS;RPL27;RPL26;FSAF1;RPL11;TSR3;NOL7;RPS27L;SNU13;MRM1;EXOSC5;EXOSC4;RPL14;METTL5;RRP36;LYAR;KRR1;UTP3;WDR18;RPL35A;RPS25;RPS28;LSM6;RPS27;EIF6;PIN4;NOP53;RPS24
5692,GO_Cellular_Component_2026,Mitochondrial Ribosome (GO:0005761),1.1866961860945116e-09,2.973721031036835e-08,0,0,16.298095623987034,334.95997218137967,MRPS14;MRPL18;MRPS12;MRPL49;MRPL28;MRPL39;MRPL34;MRPL13;MRPL35;MRPL57;MRPL32;MRPL43;MRPL11;MRPL20;MRPL40;MRPL51;MTG1
27,GO_Biological_Process_2026,Spliceosomal snRNP Assembly (GO:0000387),3.7064063344824465e-10,6.149987082144802e-08,0,0,4.805002033346889,104.34440629218575,SF3B5;TXNL4B;TSSC4;GEMIN2;SF3B6;SNU13;USP39;COIL;SNRPD2;SNRPD1;SNRPB2;SNRPD3;TXNL4A;SRSF10;SRSF12;LSM5;LSM4;LSM3;LSM2;LSM8;LSM7;LSM6;PHF5A;SNRPG;CD2BP2;SNRNP27;STRAP;RBM42;GEMIN6;SNRPE;PRPF31;SNRPF;SNRPC;SNRPA;SNRPB
5693,GO_Cellular_Component_2026,Precatalytic Spliceosome (GO:0071011),7.387666286259136e-09,1.7484143544146623e-07,0,0,5.1692307692307695,96.7858542404711,SF3B5;WBP4;SNU13;RNF113A;SNRPD2;ZMAT2;RBMX2;SNRPD1;SNRPB2;SNRPD3;SNRNP35;TXNL4A;LSM5;MAGOHB;LSM4;LSM3;LSM2;LSM8;LSM7;LSM6;PHF5A;MFAP1;SNRPG;SNRNP27;SNRPE;PRPF31;SNRPF;SNRPB
4646,GO_Molecular_Function_2026,RRNA Binding (GO:0019843),3.381146537801248e-10,3.4825809339352853e-07,0,0,6.821687287646644,148.764873722313,DDX28;RPL5;MRPL18;RPL12;RPL11;RPLP0;UTP23;MRPL16;PPAN;RBFA;MRPL11;RPS3;RRS1;NPM1;RPS9;RPL23;RPS5;CIRBP;GTF3A;ERAL1;MRPS7;MRPS18C;TST;SBDS;ANG;NOL12;NOP53
28,GO_Biological_Process_2026,ATP Biosynthetic Process (GO:0006754),2.6113055010248647e-09,4.1834915026763867e-07,0,0,12.327746417716023,243.63837523235114,ATP5PF;ATP5PD;ATP5PB;ATP5MC2;ATP5MC3;NUDT2;ATP5F1C;ATP5F1D;ATP5F1E;ATP5MC1;ATP5F1A;ATP5F1B;ATP5PO;ATP5MK;ATP5MJ;ATP5MG;ATP5MF;ATP5ME
5694,GO_Cellular_Component_2026,U2-type Precatalytic Spliceosome (GO:0071005),2.3435341518872475e-08,5.254450256336671e-07,0,0,5.198328935795955,91.32954832830885,SF3B5;WBP4;SNU13;RNF113A;SNRPD2;ZMAT2;RBMX2;SNRPD1;SNRPB2;SNRPD3;TXNL4A;LSM5;MAGOHB;LSM4;LSM3;LSM2;LSM8;LSM7;LSM6;PHF5A;MFAP1;SNRPG;SNRPE;PRPF31;SNRPF;SNRPB
29,GO_Biological_Process_2026,"Mitochondrial Electron Transport, Cytochrome C to Oxygen (GO:0006123)",4.1331786909156175e-09,6.400916065997987e-07,0,0,inf,inf,COX8A;COX7B;COX4I1;CYCS;COX7A2;COX5B;COX6A1;COX6C;COX5A;COX7C;COX6B1
30,GO_Biological_Process_2026,RNA Processing (GO:0006396),5.244404831456827e-09,7.859840273209168e-07,0,0,2.132990894903635,40.667826393353,POP5;RPL5;POP7;PDCD7;POP4;GEMIN2;INTS15;USP39;TSEN54;RPL7;RRP9;THG1L;RPS15;DTWD2;RBM3;FBL;RPS17;RPS16;RPS19;SNRPD2;NOB1;CLP1;SNRPD1;FASTK;MAGOH;ARL6IP4;SNRPD3;SNRNP35;BCAS2;SNRPN;RPS7;IMP3;PRMT1;NCBP2;PIH1D1;RPS6;IMP4;ZCRB1;EBNA1BP2;SCNM1;DKC1;MRTO4;RPP21;SBDS;SNRPG;SRSF2;TUT1;RPL27;RP9;RPL26;SNRNP25;SNRPF;ZNF830;RPP25;SRSF7;SNRPB;TSEN34;KHDRBS1;RBM8A;RPL11;WBP4;RPS27L;MRM1;EXOSC6;EXOSC5;EXOSC4;EXOSC8;RPL14;METTL5;RRP36;LYAR;EXOSC1;HNRNPA0;TRMT10C;SSB;RBPMS;WDR18;PCIF1;RPP40;RPL35A;TRMT1;MAGOHB;LSM5;LSM4;LSM3;ISG20;RPS25;RPS28;RPS27;LSM6;INTS5;PIN4;NOP53;TRMT61A;RPS24
5695,GO_Cellular_Component_2026,Spliceosomal snRNP Complex (GO:0097525),3.739445003318983e-08,7.965017857069434e-07,0,0,4.79882257409663,82.06823294835084,SF3B5;TXNL4B;TSSC4;SNU13;SNRPD2;RBMX2;SNRPD1;SNRPB2;SNRPD3;TXNL4A;SNRPN;LSM5;LSM4;LSM3;LSM2;LSM8;LSM7;LSM6;PHF5A;SNRPG;CD2BP2;SNRPE;PRPF31;SNRPF;SNRPC;SNRPA;SNRPB
31,GO_Biological_Process_2026,"RNA Splicing, via Transesterification Reactions With Bulged Adenosine as Nucleophile (GO:0000377)",6.542061505310964e-09,9.498255548023356e-07,0,0,2.5434106813996316,47.93060864296165,ISY1;TXNL4B;PDCD7;NKAP;WDR83;CWC25;USP39;RBM3;UBL5;SNRPD2;SNRPD1;RBMX2;MAGOH;SNRPD3;SNRNP35;TXNL4A;BCAS2;SNRPN;NCBP2;CIRBP;ZCRB1;SCNM1;SYF2;FRG1;SNRPG;CD2BP2;PPIE;SNRNP27;FAM32A;GEMIN6;SNRPE;SNRNP25;SNRPF;ZNF830;SNRPC;SNRPA;SNRPB;SF3B5;RBM8A;SF3B6;WBP4;SNU13;C9ORF78;U2AF1L4;RNF113A;ZMAT2;SNRPB2;HNRNPA1;SRSF10;HSPA8;CRIPT;CWC15;MAGOHB;LSM5;LSM4;LSM3;LSM2;LSM8;LSM7;PHF5A;LSM6;MFAP1;RBM42;PRPF31;HNRNPA1L3;PPIL3
32,GO_Biological_Process_2026,Response to Type I Interferon (GO:0034340),7.3368156628712105e-09,1.0329347142333225e-06,0,0,5.997869318181818,112.34225709163113,SHMT2;PSMA7;PSMB6;PSMD8;PSMB4;PSMD6;PSMB5;PSMD7;PSMB2;PSMD4;PSMB3;SMPD1;PSMB1;ADRM1;ISG15;PSMA5;SEM1;CH25H;PSMC5;PSMA4;PSMC3;PSMC4;PSME1;PSME2;SHFL
33,GO_Biological_Process_2026,Mitochondrial Respiratory Chain Complex I Assembly (GO:0032981),8.74705118292379e-09,1.1611085655961122e-06,0,0,7.747099008047913,143.74392971017323,NDUFA13;NDUFA6;DMAC1;DMAC2;NDUFC2;ECSIT;BCS1L;FOXRED1;TMEM70;LYRM2;NDUFAF8;NDUFS8;NDUFS7;NDUFAF4;NDUFS5;NDUFS3;TMEM126A;NDUFAF3;NDUFS2;NDUFAF1;TMEM126B
34,GO_Biological_Process_2026,NADH Dehydrogenase Complex Assembly (GO:0010257),8.74705118292379e-09,1.1611085655961122e-06,0,0,7.747099008047913,143.74392971017323,NDUFA13;NDUFA6;DMAC1;DMAC2;NDUFC2;ECSIT;BCS1L;FOXRED1;TMEM70;LYRM2;NDUFAF8;NDUFS8;NDUFS7;NDUFAF4;NDUFS5;NDUFS3;TMEM126A;NDUFAF3;NDUFS2;NDUFAF1;TMEM126B
5696,GO_Cellular_Component_2026,Intracellular Organelle Lumen (GO:0070013),1.074376342168109e-07,2.1794491512553067e-06,0,0,1.5689480146799786,25.17589729792223,ISCA2;ISCA1;GMFG;ECI1;NUDT1;NUDT2;ALKBH7;NFU1;PSMD6;PSMD7;HYKK;LGALS1;FLAD1;FDXR;GSTK1;ECH1;OMD;CMC1;MIF;JMJD8;ETHE1;CLPP;BOLA3;CSNK2B;FDX1;FDX2;SPARCL1;TFAM;ADPRS;AURKAIP1;CFD;LIPT2;LIPT1;SHMT2;A1BG;MRPL12;LIAS;PRDX3;PRDX5;PRDX4;GRPEL1;BLOC1S1;PUSL1;GSDMD;XRCC6;MTHFS;ERAL1;MCAT;MANF;NDUFAF8;STAR;COL9A3;MRPS15;MRPS10;C1ORF35;MRPL32;MYDGF;CTSL;MTG1;FASTK;C1QBP;MUC12;SDF4;ACADM;TIMP1;CTSD;CAMP;SIRT4;COMMD3;MRPS2;NME4;TFB2M;F2;SIRT3;PSMA5;MMP11;SDHAF3;ENAM;SDHAF1;RPUSD3;MZB1;RDH5;CD63;CSTB;ECHS1;OAT;GSTP1;MRPL58;MALSU1;HSD17B8;RBFA;CST3;RIDA;ATP5F1A;ATP5F1B;PSMB1;RPS3;CCT8;TEFM;TRMT10C;MDH2;ATP5PB;ATP5F1C;ATP5F1D;ATP5F1E;PSMC3;NDUFAB1;ETFBKMT;HSPA1B;HSPA1A;TOR2A;ACAA2;APEH;SRP14;TXN2;CSKMT;NUDT13;TOR3A;IGFBP4;SHISA5;CNPY3;SDHB;ILF2;PDIA4;EEF1A1;SELENOM;ERP29;PPIE;PPIA;ISCU;COL17A1;PROZ;ARL2;ACAT1;CNN2;RNASEH1;ESD;MPST;HSPA8;UQCC2;HSPA6;IDH2;ARPC5;COQ5;YRDC;PIN4;NIT2;ALAS2;HSP90AB1;PODXL2;DBI;ETFB;HMGB1;IDH3B;UQCRFS1;GUSB;HSP90AA1;DYNLT1;RNASET2;GLRX5;AMT;DARS2;GPX7;REXO2;NIPSNAP1;SMDT1;NDUFS8;SARS2;NDUFS7;TST;MMRN2;NDUFS3;NDUFS2;HAGH;FXN;NDUFB8;ITIH2;NAXE;POLDIP2;SELENOF;TSPAN33;MRM1;ACAN;MAPK3;MUC6;GADD45GIP1;NDUFA9;PTCD1;FAHD1;MMAB;IDH3G;PDAP1;LAMB1;HSPE1;SOD1;GSTZ1;SLIRP;FOLR3;SSBP1
35,GO_Biological_Process_2026,Spliceosomal tri-snRNP Complex Assembly (GO:0000244),2.100520639961809e-08,2.710838581461823e-06,0,0,6.594757655647942,116.58539357958425,TSSC4;TXNL4B;SNU13;USP39;LSM5;LSM4;LSM3;LSM2;LSM8;LSM7;LSM6;SNRPD2;SNRPD1;SNRPG;CD2BP2;PRPF31;SNRPE;SNRPD3;SNRPF;SRSF10;SRSF12;SNRPB
36,GO_Biological_Process_2026,"MRNA Splicing, via Spliceosome (GO:0000398)",2.1996992845580083e-08,2.7621088854206774e-06,0,0,2.3005957064178935,40.56493189813003,ISY1;TXNL4B;PDCD7;GEMIN2;NKAP;CELF4;WDR83;CWC25;USP39;PQBP1;COIL;RBM3;UBL5;SNRPD2;SNRPD1;RBMX2;MAGOH;SNRPD3;SNRNP35;TXNL4A;BCAS2;SNRPN;NCBP2;CIRBP;ZCRB1;SCNM1;SYF2;FRG1;SNRPG;CD2BP2;STRAP;PPIE;SNRNP27;FAM32A;GEMIN6;SNRPE;SNRNP25;SNRPF;ZNF830;SNRPC;SRSF6;SNRPA;SNRPB;SF3B5;TSSC4;RBM8A;SF3B6;WBP4;SNU13;C9ORF78;U2AF1L4;RNF113A;ZMAT2;PUF60;SNRPB2;HNRNPA1;SRSF10;HSPA8;CRIPT;CWC15;MAGOHB;LSM5;LSM4;LSM3;LSM2;LSM8;LSM7;PHF5A;LSM6;MFAP1;RBM42;PRPF31;HNRNPA1L3;PPIL3
37,GO_Biological_Process_2026,Energy Derivation by Oxidation of Organic Compounds (GO:0015980),3.670770006748799e-08,4.487999329303926e-06,0,0,6.713584752635848,114.93844602094178,COX8A;COX7B;UQCRB;COX4I1;COX7A2;UQCR11;UQCR10;COX5B;COX6A1;COX6C;COX5A;COX7C;MTLN;UQCRH;COX6B1;CHCHD5;UQCRQ;UQCRC1;UQCRFS1;CYCS;CYC1
5697,GO_Cellular_Component_2026,Nucleus (GO:0005634),3.6458407260616626e-07,7.059673405919401e-06,0,0,1.2291898644058232,18.222135789944897,POP5;ZNF296;RAMAC;POP7;POP4;SCX;TESK2;PSMD8;SPIB;FAM110A;PSMD9;ALKBH2;PSMD7;PSMD4;CHID1;HES6;HDHD3;RBP7;EID2;RBP5;EID3;DDIT3;LETMD1;HPD;RABL6;SLBP;PIF1;URI1;ZBTB8A;SET;MEAF6;SHMT2;CDCA4;CDCA5;SHMT1;CDCA7;OAZ1;GATA1;CYB5R2;WBP2NL;RDH14;INCA1;ZNF32;SNF8;H1-1;MAGOHB;H1-3;SNUPN;EIF1;NR2F6;H1-2;EIF6;PSMG2;RPLP0;MED19;ZNF43;ECSIT;LITAF;MED18;PQBP1;TRMT112;MED11;MRPL40;TUBA1A;MED10;NELFA;DLGAP5;DUSP2;ARG1;SIRT6;SIRT7;DYNLL1;SIRT3;MRPL44;PSMA5;MBLAC1;PSMA4;CINP;SMTNL1;ELOF1;PKN3;URM1;RPS27L;CCNDBP1;PSMA7;UNG;PSMB6;PSMB4;RIDA;PSMB5;PSMB2;PSMB3;PSMB1;SAMD1;RPS27A;SRSF10;MBD3;TRMT10A;CENPV;TRMT10C;CENPX;MDH2;UTP3;MCRS1;PSMB8;PSMB9;PSMC5;FABP3;FABP5;CENPH;PSMC3;FABP6;PSMC4;APEX1;GID8;SERBP1;TSR2;MPLKIP;CENPM;PKN1;CDKN3;CENPS;CRCP;UBE2D4;UBE2D2;PDCD5;HIKESHI;ZBTB22;YY1;RUVBL2;PIM1;ZNF688;KMT5A;SLC25A42;KPNA2;ZNF684;RBX1;FOXP1;SAP30;MAF;S100A6;SRSF2;S100A5;S100A4;ZNF677;ZNF433;SRSF7;S100A9;S100A8;KHDRBS1;ARL3;ARL2;CORO1A;NPAS1;BCL2L12;MED30;ZNF429;MED31;SAC3D1;RBPMS;ARPC4;RFXANK;ARPC5;DRAP1;ZC3HC1;RGCC;ARPC2;NACA;ARPC3;NFE2L3;PIN1;PIN4;SLC25A1;ISY1;NXT1;HSP90AB1;CELF4;FUNDC2;SUMO1;ZNF408;SUMO3;SUMO2;ZNF404;BCAS2;EID2B;ZNF883;PIERCE1;EIF5A;ZNF880;HSP90AA1;RAD23A;ARL4C;ARL4A;SYF2;ZNF639;C1D;ZNF878;BIRC5;SLC25A10;TMBIM6;SLC25A5;DCTPP1;SLC25A11;GAPDH;DTL;SPACA9;GTF3C6;UHRF1;PPM1G;PARD6B;PARD6A;SH3BP1;CCDC85B;ZNF626;SAP18;HNRNPA1;HNRNPA0;H2AZ1;NDUFA9;H2AZ2;DUT;SSB;GZMA;CNBP;GZMB;RPL23A;HNRNPAB;PRC1;NT5C1B;EIF3G;PDCD2;EIF3E;ZNF853;SHFL;ZNF850;JPT1;CCNI;CPNE7;RTCB;NUDT1;PPAN;MT1X;UBE2L6;IFI35;NUDT5;ACTB;UBE2L3;UXT;LGALS3;MT2A;TCL1A;SNRPD2;SNRPD1;SPATA24;CPNE1;CPNE3;SNRPD3;IMP3;NSMCE3;CIRBP;TALDO1;GCAT;THAP1;CDC34;THAP5;THAP7;SUB1;CSNK2B;MT1F;CD2BP2;CCNQ;MT1E;ZNF706;PCBP4;PPCS;SWI5;MIER1;LYAR;APOBEC3C;XBP1;XRCC6;APOBEC3G;EGR4;APOBEC3H;ID2;ID1;INTS5;ID3;NDUFAF3;CALM3;CALM1;CIBAR1;CALM2;SLC2A4RG;APOBEC3B;PPP1R11;CETN2;PTPRN;CCDC124;INTS15;NAT14;PTMS;BABAM1;CTSL;MLX;RAC1;ACADM;FOXD2;APOBEC2;CACYBP;EEF1E1;PTMA;SSNA1;MIS12;NEDD8;CAPG;RELB;EXOSC6;EXOSC5;SERTAD3;EXOSC4;SERTAD1;EXOSC8;SCAND1;EXOSC1;TSNAX;NPM1;NPM2;AKR1C3;PNMA5;RPA2;PPP1CA;MAD2L2;MIS18A;TCEA3;CCNG1;TCEA2;TCEA1;HDGF;MAD2L1;UBXN2A;GEMIN2;PEBP1;SRP14;ACTG1;KLHL31;EEF1B2;BANF1;ZBP1;ACOT13;TMEM250;POU3F1;EEF1A1;BRMS1;LITAFD;CCNE1;DKC1;SBDS;RPP21;UBE2V2;PPIE;RPP25;PPIA;PSMD10;GCM1;RBM8A;CACNA1A;SYCE3;CCNB2;RNASEH1;CYC1;ISOC2;UBE2F;UBE2I;UBE2B;UBE2C;CCDC137;PCIF1;RPP40;CHCHD10;ISG15;ISG20;UBE2W;UBE2S;UBE2T;GNAS;NABP2;CYCS;UBE2M;MXD4;PRR7;GSK3A;YWHAB;HMGB2;DPY30;PSIP1;HMGB1;DNPH1;LYL1;CALB1;SFR1;GET1;BUD23;NCBP2;ABHD14B;ETV2;GLRX2;CCNA2;CREB3;EEF1D;NAA38;EAPP;NAA20;TAF9;RNF7;MAT2B;AURKB;POLD2;NAA10;TAF12;TAF13;TAF10;TAF11;S100B;SOD1;CIMIP2A;POLE4;CCS;SPATA33;POLE3;RANGRF;RBM42;S100P;RAN;FAM50B;FAM50A;RPL4;RPL5;RPL30;RNH1;THYN1;PHAX;ENO1;PHB2;RPL9;RPL6;RPL7;HENMT1;CLP1;MYC;JUNB;IER5;IER2;HOXA5;GAMT;PIH1D1;RPL22;MED8;SOX12;GTPBP3;RNF126;BIN1;RPL27;HOXB2;ADPRS;UBA52;VPS25;HOXB7;RHNO1;ASF1B;XPA;SNU13;C9ORF78;BCL10;ANAPC11;MTDH;PRDX5;LDHA;PRDX4;PPP4C;NTHL1;PTPMT1;BLOC1S2;PRDX1;ALX4;SERF2;S100A11;BTF3;F8A1;JUND;MAD2L1BP;UPF3A;PA2G4;PRDX6;GPN3;SOX30;FIBP;H2AC25;ADI1;H2AC20;PPT1;DUS1L;ITPA;ZNF135;CDKN1C;BTG2;BTG1;CDKN1B;ARPC1A;GLI1;ING1;ING4;UBL5;GLI4;ING2;CSRP2;PAXX;TMSB4X;RACK1;ANXA7;TEAD2;TIGD3;ZNF121;TIGD5;TPI1;HSBP1;NUDT16L1;SERPINB6;RARB;ZNF358;ZNF599;SF3B5;RPL10;AP5Z1;SF3B6;GPS1;GPS2;ASCL2;PPP1R7;RPS3;ANKRD54;RPL13;PCGF1;RPS2;RPL15;RPL18;CDKN2D;ZNF581;CDKN2C;ZNF580;WDR18;TRMT1;TUBB4B;GTF2H3;ELP6;HINFP;AGBL5;PHF5A;EEF1AKMT2;ZNF575;HSPA1B;HSPA1A;PUS10;YEATS4;PARK7;RPL10A;PPP1CC;HMGN4;MPC2;CFL1;MAF1;HMGN2;SNRNP35;TXNL4A;HMGN3;HMGN1;RPS9;TLE2;MAP2K2;ANKRD49;RPS7;RPS8;MAMSTR;RPS6;GTF3A;RPSA;ILF2;THOC7;INIP;TLE5;THOC6;SNRPG;TSSK6;SNRNP27;SNRPE;ERH;SNRNP25;SNRPF;SNRPC;SNRPA;DGKI;SNRPB;AK6;YBEY;BAG1;ZNF302;TRAPPC2;AKIRIN1;POLR3GL;RITA1;NSG1;LSM5;ADAP1;MAFA;LSM4;LSM3;HOPX;LSM2;COPRS;LSM8;RCAN1;LSM7;COPS6;CDK7;LSM6;CNOT7;CDK5;RIOX1;TADA3;REEP6;LHX4;RAD9B;ZNF775;COPS9;RNF187;TCP10L;ZNF771;H1-10;RPL7A;VPS72;IDH3B;ZNF524;METTL18;RFC4;GPX4;ELAC1;RPL13A;EDF1;REXO2;TSN;SMC1B;METTL23;PTP4A2;SKIC8;ESRP2;RPL37A;POLR1D;ANG;DNAJC8;POLR1H;SMARCD1;GTF2A2;CEBPB;TSSC4;RNF34;CEBPD;HDAC1;WBP2;VPS4A;WBP4;LAGE3;DPCD;NSL1;REPIN1;C3ORF38;HIRIP3;POLR2C;ZNF747;POLR2E;POLR2F;POLR2G;SNRPB2;POLR2H;DNAJB7;POLR2I;POLR2J;POLR2K;POLR2L;CCDC59;TPRKB;PTPN14;KLF2;PNRC1;PNRC2;RAD52;RAD51;MFAP1;ZGLP1;ZNF738;MAB21L2;DRG1;ZNF732;POLR3K;TRMT61A;TPT1;TP53RK;PWP1;RPS15;NFU1;RPL36AL;RPS18;MAGOH;PCLAF;ARL6IP4;SOX8;CIAO2B;RPS13;FAAP100;ABT1;JMJD4;TIPIN;KRT2;NFKBIL1;EBF3;JMJD8;RRAGA;NIF3L1;NEIL2;ZNF837;GRWD1;HSBP1L1;VDAC3;VDAC2;TFAM;VDAC1;PFN1;AURKAIP1;ZNF830;BEX4;BEX2;BEX1;KLK1;TEX264;DCUN1D1;TXN;ZNHIT1;DPH3;ZNF823;CDT1;GADD45B;GADD45A;MEIG1;MEMO1;NMI;MANF;GADD45G;RPS25;RPS27;STAG3;ANP32E;MAGED2;ANP32B;RPS24;CUTC;INKA1;H2AX;DAZAP2;FEN1;CLIC3;CITED2;CITED4;MAGEF1;NKAP;ZBTB8OS;SRA1;COIL;HINT1;PP2D1;C1QBP;CLIC1;H3-3A;TSC22D4;IZUMO4;PARP1;PRMT1;TUBB;NME1;MLF2;H2AJ;SCNM1;RAD51C;HNRNPH2;CSTB;MAGEH1;DTYMK;MYCBP;AIF1;NT5C;PURA;CFAP298;CHRAC1;ATP5F1B;TCEAL1;METTL5;RTRAF;UBL4A;RANBP1;GINS2;ATP5PB;GDF15;PTGES3;KRT10;GRHL2;ATP5PO;PRPF31;FAU;TJP3;CIB1;NUCKS1;CWC25;HOXA10;FBL;CHCHD2;PTTG1;RBMX2;FAM81B;PUS3;TRAPPC2L;LMO4;TRAPPC2B;NOSIP;ANXA10;CMPK1;HDGFL2;ISCU;PMF1;ZFP36L2;ZFP36L1;UBB;ZMAT2;UBC;USP51;MYH10;CBX8;HSPA8;CBX6;HELQ;CBX3;HSPA6;SMAD9;TBCB;CWC15;COQ7;NMRAL1;NFKBIA;RALYL;EIF2S3;TMEM115;HSPB1;YBX1;USP39;IRF2BPL;SNAPC5;RBM3;DTWD2;HPF1;DBP;CASP6;SNAPC2;RBM7;DCXR;RPS3A;TRNAU1AP;KLF15;DDX19B;THRAP3;DNLZ;TERF2IP;ITGB1BP1;PFDN2;PFDN4;POLDIP2;POLDIP3;ABRAXAS1;POMP;TOB1;TBRG1;TFPT;RNF113A;MCRIP2;MCRIP1;SAP30L;HES4;MAPK3;MUTYH;NHERF2;NOS3;DEK;PITHD1;CDK2AP2;RGS10;BAX;CDK2AP1;SSBP1;SSBP4
5698,GO_Cellular_Component_2026,Intracellular Membrane-Bounded Organelle (GO:0043231),4.943162732581048e-07,9.155597061215333e-06,0,0,1.2233930063483882,17.763776918878776,POP5;ZNF296;RAMAC;POP7;POP4;SCX;TESK2;PSMD8;SPIB;FAM110A;PSMD9;ALKBH2;PSMD7;PSMD4;LIPK;CHID1;HES6;HDHD3;RBP7;EID2;RBP5;EID3;DDIT3;LETMD1;HPD;RABL6;SLBP;PIF1;URI1;ZBTB8A;SET;MEAF6;SHMT2;CDCA4;CDCA5;SHMT1;CDCA7;OAZ1;GATA1;CYB5R2;WBP2NL;RDH14;INCA1;ZNF32;SNF8;ABCA8;H1-1;MAGOHB;H1-3;SNUPN;EIF1;NR2F6;H1-2;EIF6;PSMG2;RPLP0;MED19;ZNF43;ECSIT;LITAF;MED18;PQBP1;TRMT112;MED11;MRPL40;TUBA1A;MED10;NELFA;DLGAP5;DUSP2;ARG1;SIRT6;SIRT7;DYNLL1;SIRT3;MRPL44;PSMA5;MBLAC1;PSMA4;CINP;SMTNL1;ELOF1;PKN3;URM1;RPS27L;CCNDBP1;PSMA7;UNG;PSMB6;GLRA1;PSMB4;RIDA;PSMB5;PSMB2;PSMB3;PSMB1;AP2S1;SAMD1;RPS27A;SRSF10;MBD3;TRMT10A;CENPV;TRMT10C;CENPX;MDH2;UTP3;MCRS1;PSMB8;PSMB9;PSMC5;FABP3;FABP5;CENPH;PSMC3;FABP6;PSMC4;APEX1;GID8;SERBP1;TSR2;MPLKIP;CENPM;PKN1;CDKN3;CENPS;CRCP;UBE2D4;UBE2D2;PDCD5;HIKESHI;ZBTB22;YY1;RUVBL2;PIM1;ZNF688;KMT5A;SLC25A42;KPNA2;ZNF684;RBX1;FOXP1;SAP30;MAF;S100A6;SRSF2;S100A5;S100A4;ZNF677;ZNF433;SRSF7;S100A9;S100A8;KHDRBS1;ARL3;ARL2;CORO1A;NPAS1;BCL2L12;MED30;ZNF429;MED31;SAC3D1;RBPMS;ARPC4;RFXANK;ARPC5;DRAP1;ZC3HC1;RGCC;ARPC2;NACA;ARPC3;NFE2L3;PIN1;PIN4;SLC25A1;ISY1;NXT1;HSP90AB1;CELF4;ATRAID;FUNDC2;SUMO1;ZNF408;SUMO3;SUMO2;ZNF404;BCAS2;EID2B;ZNF883;PIERCE1;EIF5A;ZNF880;HSP90AA1;RAD23A;DDOST;ARL4C;ARL4A;SYF2;ZNF639;C1D;ZNF878;BIRC5;SLC25A10;TMBIM6;SLC25A5;DCTPP1;SLC25A11;GAPDH;DTL;SPACA9;GTF3C6;UHRF1;PPM1G;PARD6B;PARD6A;SH3BP1;CCDC85B;ZNF626;SAP18;HNRNPA1;HNRNPA0;H2AZ1;NDUFA9;H2AZ2;CYB5A;DUT;SSB;GZMA;CNBP;GZMB;RPL23A;HNRNPAB;PRC1;NT5C1B;EIF3G;PDCD2;EIF3E;ZNF853;SHFL;ZNF850;JPT1;CCNI;KDELR1;CPNE7;RTCB;NUDT1;PPAN;MT1X;UBE2L6;IFI35;NUDT5;ACTB;UBE2L3;UXT;LGALS3;MT2A;TCL1A;SNRPD2;SNRPD1;SPATA24;CPNE1;CPNE3;SNRPD3;IMP3;NSMCE3;CIRBP;TALDO1;GCAT;THAP1;CDC34;THAP5;THAP7;SUB1;CSNK2B;MT1F;CD2BP2;KDELR2;KDELR3;CCNQ;MT1E;ZNF706;PCBP4;PPCS;SWI5;MIER1;LYAR;APOBEC3C;XBP1;XRCC6;APOBEC3G;EGR4;APOBEC3H;ID2;ID1;INTS5;ID3;NDUFAF3;CALM3;CALM1;CIBAR1;CALM2;SLC2A4RG;APOBEC3B;PPP1R11;CETN2;PTPRN;CCDC124;INTS15;NAT14;PTMS;BABAM1;CTSL;MLX;RAC1;ACADM;FOXD2;APOBEC2;CACYBP;EEF1E1;PTMA;SSNA1;MIS12;NEDD8;CAPG;RELB;EXOSC6;EXOSC5;SERTAD3;EXOSC4;SERTAD1;EXOSC8;SCAND1;EXOSC1;TSNAX;NPM1;NPM2;AKR1C3;PNMA5;RPA2;PPP1CA;MAD2L2;MIS18A;TCEA3;CCNG1;TCEA2;TCEA1;HDGF;MAD2L1;UBXN2A;GEMIN2;PEBP1;SRP14;ACTG1;KLHL31;EEF1B2;BANF1;ZBP1;ACOT13;TMEM250;POU3F1;EEF1A1;BRMS1;LITAFD;CCNE1;DKC1;SBDS;RPP21;UBE2V2;PPIE;RPP25;PPIA;PSMD10;GCM1;TMED10;RBM8A;CACNA1A;SYCE3;CCNB2;RNASEH1;CYC1;ISOC2;UBE2F;UBE2I;UBE2B;UBE2C;CCDC137;PCIF1;RPP40;CHCHD10;ISG15;ISG20;UBE2W;UBE2S;UBE2T;GNAS;NABP2;CYCS;UBE2M;MXD4;PRR7;GSK3A;YWHAB;HMGB2;DPY30;PSIP1;HMGB1;DNPH1;LYL1;CALB1;SFR1;GET1;BUD23;NCBP2;ABHD14B;ETV2;GLRX2;CCNA2;CREB3;RER1;EEF1D;NAA38;EAPP;NAA20;TAF9;RNF7;MAT2B;AURKB;FAM241B;POLD2;BNIP1;TMEM208;NAA10;TAF12;TAF13;TAF10;TAF11;S100B;SOD1;CIMIP2A;POLE4;CCS;SPATA33;POLE3;RANGRF;RBM42;S100P;RAN;FAM50B;FAM50A;RPL4;RPL5;RPL30;RNH1;THYN1;PHAX;ENO1;PHB2;RPL9;RPL6;RPL7;HENMT1;CLP1;MYC;AP1S1;JUNB;IER5;IER2;HOXA5;GAMT;PIH1D1;RPL22;MED8;SOX12;GTPBP3;RNF126;BIN1;RPL27;HOXB2;ADPRS;UBA52;VPS25;HOXB7;RHNO1;ASF1B;XPA;SNU13;C9ORF78;BCL10;ANAPC11;MTDH;PRDX5;LDHA;PRDX4;PPP4C;NTHL1;PTPMT1;BLOC1S2;PRDX1;ALX4;SERF2;S100A11;BTF3;F8A1;JUND;MAD2L1BP;UPF3A;PA2G4;PRDX6;GPN3;SOX30;FIBP;H2AC25;ADI1;H2AC20;PPT1;DUS1L;ITPA;ZNF135;CDKN1C;BTG2;BTG1;CDKN1B;ARPC1A;GLI1;ING1;ING4;UBL5;GLI4;ING2;CSRP2;PAXX;TMSB4X;RACK1;ANXA7;TEAD2;TIGD3;ZNF121;TIGD5;TPI1;HSBP1;COPZ2;NUDT16L1;SERPINB6;RARB;ZNF358;ZNF599;SF3B5;RPL10;AP5Z1;SF3B6;GPS1;GPS2;ASCL2;PPP1R7;RPS3;ANKRD54;RPL13;PCGF1;RPS2;RPL15;RPL18;CDKN2D;ZNF581;CDKN2C;ZNF580;WDR18;TRMT1;TUBB4B;GTF2H3;ELP6;HINFP;AGBL5;PHF5A;EEF1AKMT2;ZNF575;HSPA1B;HSPA1A;PUS10;YEATS4;PARK7;RPL10A;PPP1CC;HMGN4;MPC2;CFL1;MAF1;HMGN2;SNRNP35;TXNL4A;HMGN3;HMGN1;RPS9;TLE2;MAP2K2;ANKRD49;RPS7;RPS8;MAMSTR;RPS6;GTF3A;RPSA;ILF2;THOC7;INIP;TLE5;THOC6;SNRPG;TSSK6;SNRNP27;SNRPE;ERH;SNRNP25;SNRPF;SNRPC;SNRPA;DGKI;SNRPB;AK6;YBEY;BAG1;ZNF302;TRAPPC2;AKIRIN1;POLR3GL;RITA1;NSG1;LSM5;ADAP1;MAFA;LSM4;LSM3;HOPX;LSM2;COPRS;LSM8;RCAN1;LSM7;COPS6;CDK7;LSM6;CNOT7;CDK5;RIOX1;TADA3;REEP6;LHX4;RAD9B;ZNF775;COPS9;RNF187;TCP10L;ZNF771;H1-10;RPL7A;VPS72;IDH3B;ZNF524;METTL18;RFC4;GPX4;ELAC1;RPL13A;EDF1;REXO2;TSN;SMC1B;METTL23;PTP4A2;SKIC8;ESRP2;RPL37A;POLR1D;ANG;DNAJC8;POLR1H;SMARCD1;GTF2A2;CEBPB;TSSC4;RNF34;CEBPD;HDAC1;WBP2;VPS4A;WBP4;CYP3A4;LAGE3;CYP3A5;DPCD;NSL1;REPIN1;C3ORF38;HIRIP3;POLR2C;ZNF747;POLR2E;POLR2F;POLR2G;SNRPB2;POLR2H;DNAJB7;POLR2I;POLR2J;POLR2K;POLR2L;CCDC59;TPRKB;PTPN14;KLF2;PNRC1;PNRC2;RAD52;RAD51;MFAP1;ZGLP1;ZNF738;MAB21L2;DRG1;ZNF732;POLR3K;TRMT61A;TPT1;TP53RK;SLC35B1;PWP1;RPS15;NFU1;RPL36AL;RPS18;MAGOH;PCLAF;ARL6IP4;SOX8;CIAO2B;RPS13;FAAP100;ABT1;JMJD4;TIPIN;KRT2;NFKBIL1;HSD11B1L;EBF3;JMJD8;RRAGA;NIF3L1;NEIL2;ZNF837;GRWD1;HSBP1L1;VDAC3;VDAC2;TFAM;VDAC1;PFN1;AURKAIP1;ZNF830;BEX4;BEX2;BEX1;KLK1;TEX264;DCUN1D1;TXN;ZNHIT1;DPH3;ZNF823;CDT1;GADD45B;GADD45A;MEIG1;MEMO1;NMI;MANF;GADD45G;RPS25;RPS27;STAG3;ANP32E;MAGED2;ANP32B;RPS24;CUTC;INKA1;H2AX;SLC35F6;DAZAP2;FEN1;CLIC3;CITED2;CITED4;MAGEF1;NKAP;ZBTB8OS;SRA1;COIL;HINT1;PP2D1;C1QBP;CLIC1;H3-3A;TSC22D4;IZUMO4;PARP1;PRMT1;TUBB;NME1;MLF2;H2AJ;SCNM1;RAD51C;HNRNPH2;CSTB;MAGEH1;DTYMK;MYCBP;AIF1;NT5C;PURA;CFAP298;CHRAC1;ATP5F1B;TCEAL1;METTL5;RTRAF;UBL4A;RANBP1;GINS2;ATP5PB;GDF15;PTGES3;KRT10;GRHL2;ATP5PO;PRPF31;FAU;TJP3;CIB1;NUCKS1;CWC25;HOXA10;FBL;CHCHD2;PTTG1;RBMX2;FAM81B;PUS3;TRAPPC2L;LMO4;TRAPPC2B;NOSIP;ANXA10;CMPK1;HDGFL2;ISCU;PMF1;ZFP36L2;ZFP36L1;UBB;ZMAT2;UBC;USP51;MYH10;CBX8;HSPA8;CBX6;HELQ;CBX3;HSPA6;SMAD9;TBCB;CWC15;COQ7;NMRAL1;NFKBIA;RALYL;EIF2S3;TMEM115;HSPB1;YBX1;USP39;IRF2BPL;SNAPC5;RBM3;DTWD2;HPF1;DBP;CASP6;SNAPC2;RBM7;DCXR;RPS3A;TRNAU1AP;KLF15;TRAPPC6A;DDX19B;THRAP3;DNLZ;TERF2IP;ITGB1BP1;PFDN2;PFDN4;POLDIP2;POLDIP3;ABRAXAS1;POMP;TOB1;TBRG1;TFPT;RNF113A;MCRIP2;MCRIP1;SAP30L;HES4;MAPK3;MUTYH;NHERF2;B3GAT3;NOS3;DEK;PITHD1;CDK2AP2;RGS10;BAX;CDK2AP1;SSBP1;SSBP4
5699,GO_Cellular_Component_2026,U12-type Spliceosomal Complex (GO:0005689),5.761917404941985e-07,9.964399687579969e-06,0,0,7.666518128418067,110.14352698470789,SF3B5;PDCD7;SF3B6;YBX1;ZCRB1;LSM7;PHF5A;SNRPD2;SNRPD1;SNRPG;SNRPE;SNRPD3;SNRNP25;SNRPF;SNRNP35;SNRPB
5700,GO_Cellular_Component_2026,U2-type Spliceosomal Complex (GO:0005684),5.847652398814536e-07,9.964399687579969e-06,0,0,3.0868125163427176,44.30210415013928,ISY1;SF3B5;RBM8A;SF3B6;WBP4;CWC25;SNU13;RNF113A;SNRPD2;ZMAT2;RBMX2;SNRPD1;SNRPB2;SNRPD3;TXNL4A;BCAS2;SNRPN;CCDC12;CWC15;LSM5;MAGOHB;LSM4;LSM3;LSM2;LSM8;LSM7;LSM6;PHF5A;MFAP1;SYF2;SNRPG;PPIE;SNRPE;PRPF31;SNRPF;SNRPB
38,GO_Biological_Process_2026,MRNA Processing (GO:0006397),9.668664334702519e-08,1.1518106281802026e-05,0,0,2.1183331341344886,34.21487313721505,ISY1;RAMAC;TXNL4B;PDCD7;GEMIN2;RTCB;NKAP;ZBTB8OS;WDR83;CWC25;USP39;RBM3;UBL5;SNRPD2;CLP1;SNRPD1;RBMX2;MAGOH;SNRPD3;SNRNP35;TXNL4A;BCAS2;SNRPN;NCBP2;CIRBP;ZCRB1;MBLAC1;SCNM1;SYF2;FRG1;SNRPG;SRSF2;CD2BP2;TUT1;PPIE;SNRNP27;FAM32A;GEMIN6;SNRPE;SNRNP25;SNRPF;ZNF830;SNRPC;SRSF7;SNRPA;SNRPB;SF3B5;KHDRBS1;RBM8A;SF3B6;WBP4;SNU13;C9ORF78;U2AF1L4;RNF113A;ZMAT2;SNRPB2;HNRNPA1;SRSF10;HNRNPA0;HSPA8;TRMT10C;PCIF1;CRIPT;CWC15;MAGOHB;LSM5;LSM4;LSM3;LSM2;LSM8;LSM7;PHF5A;LSM6;MFAP1;RBM42;PRPF31;HNRNPA1L3;PPIL3;TRMT61A
39,GO_Biological_Process_2026,Ribosomal Large Subunit Biogenesis (GO:0042273),1.2720872273397224e-07,1.4775293145550877e-05,0,0,5.0052660827224855,79.47079496182205,RPL5;NPM1;NOP16;PAK1IP1;NIP7;RPL11;GTF3A;RPL35A;MALSU1;RPL7;RPL7A;TRMT112;EBNA1BP2;NSA2;EIF6;CINP;MRTO4;RPL14;RRS1;BRIX1;RPL26;NOP53;RSL24D1;RRP15
5701,GO_Cellular_Component_2026,U4 snRNP (GO:0005687),1.1691219441500122e-06,1.9155613392611737e-05,0,0,43.07949029126213,588.4338536998059,SNRPN;SNRPD2;SNRPD1;SNRPG;PRPF31;SNRPE;SNRPD3;SNRPF;SNRPB
40,GO_Biological_Process_2026,Mitochondrial Respiratory Chain Complex IV Assembly (GO:0033617),3.345733022921743e-07,3.7912867376815655e-05,0,0,7.4063466922056875,110.43166460901611,COX19;COA3;SURF1;COX16;PET100;COX17;CMC1;BCS1L;PET117;TMEM223;SCO1;STMP1;COX14;COA8;SMIM20;COA6;COA5
5702,GO_Cellular_Component_2026,Secretory Granule Lumen (GO:0034774),4.2641802773484805e-06,6.727928882038714e-05,0,0,1.9007456721566647,23.503215557360654,LGALS3BP;GHDC;HSP90AB1;GMFG;SERPINE1;C1ORF35;CTSW;HMGB1;EPX;SRP14;ORM2;HEBP2;PSMD6;PSMD7;TMSB4X;NAPRT;TIMP1;GUSB;PRSS2;CTSD;CAMP;SRGN;CCT2;SERPINB1;HSP90AA1;DYNLT1;ARG1;TUBB;RNASET2;PRSS57;MIF;ILF2;APRT;PSMA5;EEF1A1;NPC2;CSNK2B;PPIE;PPIA;S100A9;S100A8;FTL;CFD;CSTB;GRN;TEX264;GSTP1;A1BG;RETN;PLAC8;CNN2;PRDX4;DPP7;PSMB1;AGA;CCT8;S100A11;GSDMD;VAT1;HSPA8;XRCC6;TRAPPC1;PTGES2;HSPA6;VEGFB;PA2G4;ARPC5;TUBB4B;PRDX6;C6ORF120;POMC;FABP5;PSMC3;MAGED2;S100P;FOLR3;NIT2
4647,GO_Molecular_Function_2026,"2 Iron, 2 Sulfur Cluster Binding (GO:0051537)",1.9307501542926574e-07,9.943363294607185e-05,0,0,19.15644606354989,296.1622392135337,NFU1;ISCA2;ISCA1;SLC25A39;FDX1;CISD1;CISD2;CIAPIN1;SDHB;FXN;CISD3;ISCU
41,GO_Biological_Process_2026,"Mitochondrial Electron Transport, Ubiquinol to Cytochrome C (GO:0006122)",1.1222325285327406e-06,0.00012414029351340744,0,0,23.93688043698159,327.939822624331,UQCC3;UQCRB;UQCRQ;UQCRC1;CYCS;UQCRFS1;UQCR11;UQCR10;CYC1;UQCRH
42,GO_Biological_Process_2026,Respiratory Chain Complex IV Assembly (GO:0008535),1.3109538198144208e-06,0.0001416439871362279,0,0,6.266378880438848,84.87657030072475,COX19;COA3;SURF1;COX16;PET100;COX17;CMC1;BCS1L;PET117;TMEM223;SCO1;STMP1;COX14;COA8;SMIM20;COA6;COA5
5703,GO_Cellular_Component_2026,Cytoplasmic Side of Lysosomal Membrane (GO:0098574),1.2111429113143173e-05,0.00018322486409194595,0,0,11.967428687032166,135.48758036417598,EEF1A1;SNAPIN;LITAFD;BLOC1S1;BLOC1S2;KXD1;BORCS8;LITAF;BORCS7;BORCS6
5704,GO_Cellular_Component_2026,Cytoplasmic Vesicle Lumen (GO:0060205),1.2473054128324958e-05,0.00018322486409194595,0,0,2.4987360470463633,28.21557729467448,CFD;GHDC;CSTB;HSP90AB1;GMFG;GSTP1;PRF1;C1ORF35;A1BG;HMGB1;EPX;SRP14;PSMD6;PSMD7;PRDX4;PSMB1;CCT8;S100A11;HSPA8;XRCC6;HSP90AA1;SERPINB1;DYNLT1;HSPA6;GZMB;MIF;ARPC5;APRT;EEF1A1;PSMA5;POMC;PSMC3;CSNK2B;PPIE;S100P;PPIA;S100A9;S100A8
45,GO_Biological_Process_2026,Metallo-sulfur Cluster Assembly (GO:0031163),4.10820071115821e-06,0.0004055793969995031,0,0,6.532364961891086,81.01782241734708,ISCA2;ISCA1;GLRX5;HSCB;CIAO1;NUBP2;NFU1;BOLA3;NDUFAB1;FDX2;CIAO2A;CIAPIN1;CIAO2B;FXN;ISCU
43,GO_Biological_Process_2026,Spliceosomal Conformational Changes to Generate Catalytic Conformation (GO:0000393),3.911552074794409e-06,0.0004055793969995031,0,0,4.792663153627888,59.67621099825002,ISY1;SF3B5;TXNL4B;PDCD7;SF3B6;SNU13;USP39;PHF5A;SCNM1;SNRPD2;SNRPD1;SNRPG;PRPF31;SNRPE;SNRPD3;SNRNP25;SNRPF;SNRNP35;SNRPB
44,GO_Biological_Process_2026,Iron-sulfur Cluster Assembly (GO:0016226),4.10820071115821e-06,0.0004055793969995031,0,0,6.532364961891086,81.01782241734708,ISCA2;ISCA1;GLRX5;HSCB;CIAO1;NUBP2;NFU1;BOLA3;NDUFAB1;FDX2;CIAO2A;CIAPIN1;CIAO2B;FXN;ISCU
47,GO_Biological_Process_2026,Spliceosome Conformational Change to Release U4 (Or U4atac) and U1 (Or U11) (GO:0000388),4.19023053292642e-06,0.0004055793969995031,0,0,5.073985338816378,62.829916338544976,SF3B5;TXNL4B;PDCD7;SF3B6;SNU13;USP39;PHF5A;SCNM1;SNRPD2;SNRPD1;SNRPG;PRPF31;SNRPE;SNRPD3;SNRNP25;SNRPF;SNRNP35;SNRPB
46,GO_Biological_Process_2026,Protein Insertion Into Mitochondrial Membrane (GO:0051204),4.10820071115821e-06,0.0004055793969995031,0,0,6.532364961891086,81.01782241734708,TIMM8B;MOAP1;TIMM8A;NDUFA13;TOMM40;TIMM29;TIMM9;TIMM13;TIMM22;TIMM10;TOMM20;TOMM22;TOMM7;ROMO1;TOMM5
5705,GO_Cellular_Component_2026,U6 snRNP (GO:0005688),3.14642433348363e-05,0.0004467922553546754,0,0,33.492721391023046,347.20761457948356,LSM8;LSM7;LSM6;LSM5;LSM4;LSM3;LSM2
5707,GO_Cellular_Component_2026,U5 snRNP (GO:0005682),3.956377751659146e-05,0.0005266927881896239,0,0,7.522951956986761,76.2646519364851,SNRPN;TSSC4;TXNL4B;SNRPD2;SNRPD1;SNRPG;CD2BP2;SNRPE;SNRPD3;TXNL4A;SNRPB
5706,GO_Cellular_Component_2026,U1 snRNP (GO:0005685),3.956377751659146e-05,0.0005266927881896239,0,0,7.522951956986761,76.2646519364851,SNRPN;SNRPD2;SNRPD1;SNRPG;SNRPB2;SNRPE;SNRPD3;SNRPF;SNRPC;SNRPA;SNRPB
48,GO_Biological_Process_2026,Negative Regulation of RNA Splicing (GO:0033119),7.5297936221004685e-06,0.0007139473707811995,0,0,5.090787074554295,60.05419732038539,RPS26;SNRPD2;PCBP4;SNRPD1;C1QBP;SNRPG;SAP18;SNRPE;TMBIM6;SNRPD3;SNRPF;SRSF6;SRSF10;SRSF7;RPS13;SRSF12;SNRPB
49,GO_Biological_Process_2026,Ribosome Assembly (GO:0042255),1.1467442359680416e-05,0.0010655547440615043,0,0,4.539497680371141,51.641319424087754,RPL5;NPM1;EIF1AX;RPL11;MPV17L2;MRPS2;RPSA;ERAL1;RPS14;RPS28;RPS19;EIF6;C1QBP;RRS1;SBDS;BRIX1;FAU;NOP53
50,GO_Biological_Process_2026,Antimicrobial Humoral Immune Response Mediated by Antimicrobial Peptide (GO:0061844),1.2015503530366433e-05,0.001094588811805538,0,0,3.5569259962049338,40.297527150500684,RPL30;TOR2A;LEAP2;CCL20;RNASE6;F2;POMC;LGALS3;RPS19;GNLY;CCL5;CCL4;XCL2;FAM3A;XCL1;ANG;FAU;HMGN2;RPL39;S100A9;GAPDH;CCL28;CAMP
5708,GO_Cellular_Component_2026,Oligosaccharyltransferase Complex A (GO:0160226),0.00012023417096876878,0.001552113843415015,0,0,16.7456530529721,151.14742479588935,OST4;KRTCAP2;RPN2;TMEM258;DAD1;OSTC;DDOST
5709,GO_Cellular_Component_2026,Focal Adhesion (GO:0005925),0.0001275567252940276,0.0015982107345663458,0,0,1.6158038018876066,14.488830912527922,RPL4;RPL5;RPL30;RPL31;CD81;ITGB4;YWHAB;ARPC1B;RPLP1;TGFB1I1;RPLP0;ARPC5L;HSPB1;RPL8;RPL10A;RPL9;ACTB;RPL6;RPL7;ACTG1;RPS15;RPS4X;RPS14;PPP1CC;RPL7A;RPS17;RPS16;CSRP2;RPS19;RPS18;BSG;CFL1;RAC2;FLOT1;RPLP2;CPNE3;RPL38;RAC1;RPS11;RPS10;RPS13;RPS9;MAP2K2;RPS7;RPS8;RPL23;RPS5;RPL22;RHOG;RPL13A;RPS3A;RHOA;PROCR;RPL37A;RPL27;ITGB1BP1;PFN1;PPIA;ARF6;FBLN7;CD151;RPL12;NEXN;CORO1B;CNN2;PDLIM1;PDLIM2;RRAS;TSPAN9;RPS3;CD59;RPS2;RPL18;RPL19;MAPK3;VASP;HSPA8;NPM1;NHERF2;ARPC5;ARPC2;RPS29;ARPC3;GNB2;VIM;HSPA1B;LIMS2;HSPA1A
51,GO_Biological_Process_2026,Protein Insertion Into Mitochondrial Inner Membrane (GO:0045039),1.82524294497751e-05,0.001630784369685675,0,0,8.777148253068933,95.76932855938225,TIMM8B;TIMM8A;NDUFA13;TIMM29;TIMM9;TIMM13;TMEM126A;TIMM22;ROMO1;TIMM10;BCS1L
52,GO_Biological_Process_2026,Gene Expression (GO:0010467),1.9425871757324393e-05,0.0017028792487647005,0,0,1.8421582602100197,19.98539956319324,ISCA2;POP5;ISCA1;POP7;NXT1;POP4;CETN2;CISD1;SCX;PWP1;CISD3;NFU1;RBM3;MAGOH;CASP4;CIAO2A;CIAO2B;HSP90AA1;NCBP2;GLRX5;DHPS;AIP;PRSS57;THOC7;THAP1;THOC6;CREB3;DDX19B;DKC1;BOLA3;SRSF3;ERH;ZNF830;RPP25;PTMA;FXN;CFD;COX19;ENY2;RBM8A;POLDIP3;TSPAN33;LMF2;C2;CIAO1;CLN5;EXOSC6;EXOSC5;EXOSC4;EXOSC8;SEC11A;EXOSC1;SEC11C;RBPMS;NAA10;GZMA;RPP40;GZMB;MAGOHB;GZMH;FKBP1A;ISG20;SEM1;SPCS3;SPCS2;CCS;GOLPH3;GZMM;SPCS1;PRPH2;FKBP1B;NFKBIB
5710,GO_Cellular_Component_2026,Cell-substrate Junction (GO:0030055),0.00014492105977640285,0.0017572234840708282,0,0,1.6035498903508771,14.174292828274767,RPL4;RPL5;RPL30;RPL31;CD81;ITGB4;YWHAB;ARPC1B;RPLP1;TGFB1I1;RPLP0;ARPC5L;HSPB1;RPL8;RPL10A;RPL9;ACTB;RPL6;RPL7;ACTG1;RPS15;RPS4X;RPS14;PPP1CC;RPL7A;RPS17;RPS16;CSRP2;RPS19;RPS18;BSG;CFL1;RAC2;FLOT1;RPLP2;CPNE3;RPL38;RAC1;RPS11;RPS10;RPS13;RPS9;MAP2K2;RPS7;RPS8;RPL23;RPS5;RPL22;RHOG;RPL13A;RPS3A;RHOA;PROCR;RPL37A;RPL27;ITGB1BP1;PFN1;PPIA;ARF6;COL17A1;FBLN7;CD151;RPL12;NEXN;CORO1B;CNN2;PDLIM1;PDLIM2;RRAS;TSPAN9;RPS3;CD59;RPS2;RPL18;RPL19;MAPK3;VASP;HSPA8;NPM1;NHERF2;ARPC5;ARPC2;RPS29;ARPC3;GNB2;VIM;HSPA1B;LIMS2;HSPA1A
5711,GO_Cellular_Component_2026,U2 snRNP (GO:0005686),0.00014849775921725307,0.0017572234840708282,0,0,5.850690228877197,51.57348735891115,SF3B5;SNRPN;PHF5A;SNRPD2;RBMX2;SNRPD1;SNRPG;SNRPB2;SNRPE;SNRPD3;SNRPB
5713,GO_Cellular_Component_2026,U7 snRNP (GO:0005683),0.00015981491715710657,0.0017916093344454579,0,0,28.702243784111584,250.900496993784,LSM10;SNRPG;SNRPE;SNRPD3;SNRPF;SNRPB
5712,GO_Cellular_Component_2026,COPI-coated Vesicle (GO:0030137),0.00015981491715710657,0.0017916093344454579,0,0,28.702243784111584,250.900496993784,TMED10;KDELR1;VMA22;TMED2;KDELR2;KDELR3
53,GO_Biological_Process_2026,7-Methylguanosine Cap Hypermethylation (GO:0036261),2.5832310996947107e-05,0.0021431592302110043,0,0,19.1417593528817,202.21133465055271,LSM10;SNRPD2;SNRPD1;SNRPG;SNRPE;SNRPD3;SNRPF;SNRPB
55,GO_Biological_Process_2026,RNA Capping (GO:0036260),2.5832310996947107e-05,0.0021431592302110043,0,0,19.1417593528817,202.21133465055271,LSM10;SNRPD2;SNRPD1;SNRPG;SNRPE;SNRPD3;SNRPF;SNRPB
54,GO_Biological_Process_2026,Cellular Response to Superoxide (GO:0071451),2.5832310996947107e-05,0.0021431592302110043,0,0,19.1417593528817,202.21133465055271,NQO1;PRDX2;CCS;NOS3;PRDX1;ADPRS;PARK7;SOD1
5714,GO_Cellular_Component_2026,Ficolin-1-rich Granule Lumen (GO:1904813),0.0001976307036324837,0.0021587353781394375,0,0,2.138507651435686,18.23956785454329,CFD;CSTB;HSP90AB1;GMFG;GSTP1;C1ORF35;A1BG;HMGB1;APEH;SRP14;CST3;PSMD6;PSMD7;PRDX4;PSMB1;CCT8;GUSB;CTSD;GSDMD;HSPA8;XRCC6;HSP90AA1;DYNLT1;HSPA6;COMMD3;PDAP1;MIF;ARPC5;ILF2;EEF1A1;PSMA5;PSMC3;CSNK2B;PPIE;PPIA;HSPA1B;HSPA1A
56,GO_Biological_Process_2026,Mitochondrial Respirasome Assembly (GO:0097250),3.14642433348363e-05,0.0025646118339236745,0,0,33.492721391023046,347.20761457948356,COX7A2L;STMP1;HIGD1A;HIGD1B;MTLN;HIGD2A;RAB5IF
5716,GO_Cellular_Component_2026,Endoplasmic Reticulum Membrane (GO:0005789),0.00027962827213202473,0.00290540594946933,0,0,1.3640085411080964,11.160385314969883,VPS29;PGAP2;ARL6IP1;KDELR1;SLC35B1;CISD2;GHITM;KRTCAP2;TMEM147;BSG;SEC62;PTGDS;TMEM14A;WDR83OS;PCYT2;KCNK12;ALG5;ALG3;HLA-C;MOGS;CYBA;HLA-F;TMEM170A;HLA-E;CTDNEP1;CH25H;DPM3;TMEM258;TMX2;SELENOS;KDELR2;KDELR3;SELENOT;HPD;UBA52;SLC27A5;PMEL;HACD1;TMED10;FICD;RPN2;SAR1B;TTYH1;TEX264;FAXDC2;MGST3;HACD4;MTDH;CYB5R2;APH1A;HSD11B2;COMMD8;EBP;UBB;RDH11;DDRGK1;TMEM129;UBC;RDH14;RCE1;HMOX2;OST4;XBP1;TMEM86B;SLC16A11;DOLK;BFAR;GRIN2C;GRIN2D;REEP1;GRIN3A;CNIH1;OSTC;HLA-DRA;SRPRB;DEGS1;LDAF1;HLA-DRB1;CNIH4;COPE;GPAA1;PIGQ;PIGP;IER3IP1;USE1;HERPUD1;CYB561D2;SGCE;JPH3;SERP1;RAC2;UBXN8;ANXA7;TMED2;TMEM109;GET1;RAC1;SEC61B;GET3;TMED7;HRAS;HLA-DPA1;RAB5IF;IKBIP;VKORC1;PSENEN;ELOVL1;TMED9;JAGN1;SSR4;CAMLG;SSR2;ATP6AP2;SSR3;COMMD2;RHOG;COMMD3;COPZ2;SLC39A13;COMMD6;COMMD7;DDOST;COMMD4;COPZ1;RHOA;CREB3;TMBIM4;DAD1;RDH5;TMBIM6;ERGIC3;IFI6;DERL2;SRI;CYP3A4;SELENOK;AGPAT2;RNF5;CYP3A5;LMF2;LMAN2;BNIP1;EMC3;TMEM208;DNAJB9;SMIM30;CD59;SPTSSA;RPS27A;EMC7;CDIPT;SEC11A;EMC9;SEC11C;BCAP31;PEX16;CYB5A;ORMDL1;PEDS1;SVIP;YIF1A;TMCO1;YIF1B;FKBP1A;DNAJA1;SPCS3;DHRS7;SPCS2;SPCS1;STING1;VMA21;DOLPP1;FKBP1B;HLA-DPB1;PNPLA3;BAX;PLP2
5715,GO_Cellular_Component_2026,"RNA Polymerase II, Holoenzyme (GO:0016591)",0.0002748181068988332,0.00290540594946933,0,0,2.68824518873992,22.042000580735888,GTF2A2;TAF12;TAF13;TAF10;TAF9;TAF11;PEX2;GTF2H3;GTF2H5;SKIC8;CDK7;POLR2C;TADA3;POLR2E;POLR2F;TCEA1;POLR2G;POLR2H;POLR2I;TAF9B;POLR2J;POLR2K;POLR2L
5717,GO_Cellular_Component_2026,Vacuolar Lumen (GO:0005775),0.00031591010268221525,0.0032042310414910403,0,0,1.9869850788010397,16.01520478710468,GRN;PRF1;RETN;ORM2;PLAC8;HEBP2;ACAN;DPP7;NAGLU;CTSL;HYAL1;NAPRT;SMPD1;IDS;CTSF;AGA;CCT8;GUSB;PRSS2;CTSD;CHID1;VAT1;HSPA8;CCT2;HSP90AA1;TRAPPC1;ARG1;PTGES2;RNASET2;TUBB;OMD;GZMB;PRSS57;PA2G4;TUBB4B;C6ORF120;PRDX6;FABP5;NPC2;PPT1;FTL
58,GO_Biological_Process_2026,Antimicrobial Humoral Response (GO:0019730),4.48240861038141e-05,0.0035297068481071237,0,0,2.8990611769037247,29.027618072668172,RPL30;TOR2A;LEAP2;JCHAIN;LGALS3;RPS19;GNLY;CCL5;CCL4;FAM3A;HMGN2;PRSS2;RPL39;CAMP;CCL20;RNASE6;F2;HLA-E;POMC;XCL2;XCL1;ANG;FAU;S100A9;GAPDH;CCL28
57,GO_Biological_Process_2026,"Negative Regulation of mRNA Splicing, via Spliceosome (GO:0048025)",4.4093008630087726e-05,0.0035297068481071237,0,0,5.1574127431588455,51.724771963898604,SNRPD2;PCBP4;SNRPD1;C1QBP;SNRPG;SAP18;SNRPE;SNRPD3;SNRPF;SRSF6;SRSF10;SRSF7;SRSF12;SNRPB
5718,GO_Cellular_Component_2026,Azurophil Granule (GO:0042582),0.00039724320684391654,0.003935479211988569,0,0,1.978256718447376,15.491652897898124,CD63;GRN;RAB5C;BRI3;STXBP2;RETN;ORM2;PLAC8;HEBP2;SYNGR1;DPP7;LAMP1;NAPRT;C3AR1;CPNE1;CPNE3;AGA;CCT8;GUSB;PRSS2;VAT1;CCT2;TRAPPC1;ARG1;PTGES2;RNASET2;TUBB;NDUFC2;PRSS57;PA2G4;TUBB4B;C6ORF120;PRDX6;DDOST;BST2;VAMP8;FABP5;NPC2;LAMTOR1;FTL
59,GO_Biological_Process_2026,Protein Maturation (GO:0051604),5.130121073567368e-05,0.003972423751298999,0,0,1.965206257306686,19.411906910428495,ISCA2;ISCA1;GPAA1;CISD1;PRSS27;CISD3;NFU1;FNTA;CASP4;CIAO2A;CIAO2B;PSENEN;SRGN;HSP90AA1;GLRX5;DHPS;AIP;PRSS57;RBX1;BOLA3;FXN;CFD;LIPT2;LIPT1;COX19;TMPRSS7;NAA20;TSPAN33;LMF2;PARL;C2;CIAO1;CLN5;APH1A;AANAT;SEC11A;SEC11C;NAA10;F12;GZMA;GZMB;DOHH;TMPRSS12;GZMH;FKBP1A;SPCS3;SPCS2;CCS;GZMM;SPCS1;PRPH2;FKBP1B;NDUFAB1;METAP2
5719,GO_Cellular_Component_2026,Azurophil Granule Lumen (GO:0035578),0.00044712338322373303,0.004328967301211597,0,0,2.3963872539070428,18.482558403191323,GRN;RETN;ORM2;PLAC8;HEBP2;DPP7;NAPRT;AGA;CCT8;GUSB;PRSS2;VAT1;CCT2;TRAPPC1;ARG1;PTGES2;RNASET2;TUBB;PRSS57;PA2G4;TUBB4B;C6ORF120;PRDX6;FABP5;NPC2;FTL
5720,GO_Cellular_Component_2026,"RNA Polymerase II, Core Complex (GO:0005665)",0.0004887002659145265,0.0046263625173241845,0,0,6.152652565880722,46.90635396767358,POLR2C;POLR2E;POLR2F;POLR2G;POLR2H;POLR2I;POLR2J;POLR2K;POLR2L
60,GO_Biological_Process_2026,Regulation of Proteasomal Protein Catabolic Process (GO:0061136),6.41594617679346e-05,0.00488663703891515,0,0,2.6852710659898475,25.923980079020875,HSP90AB1;PSMA7;HERPUD1;PSMD8;PSMB6;PSMD6;PSMB4;PSMD7;PSMB5;PSMD4;PSMB2;UBB;DDRGK1;PSMB3;PSMB1;NUDT15;GABARAPL2;F8A1;ADRM1;RAD23A;PSMA5;SEM1;PSMC5;PSMA4;PSMC3;PSMC4;PSME1;PSME2
5721,GO_Cellular_Component_2026,Cytolytic Granule (GO:0044194),0.0005448703787248117,0.004938612368867443,0,0,14.350515463917526,107.84358741522702,LAMP1;GNLY;STXBP2;PRF1;GZMB;NKG7
5722,GO_Cellular_Component_2026,Ribonuclease MRP Complex (GO:0000172),0.0005448703787248117,0.004938612368867443,0,0,14.350515463917526,107.84358741522702,POP5;POP7;POP4;RPP40;RPP25;RPP25L
4648,GO_Molecular_Function_2026,SnRNA Binding (GO:0017069),1.592876466526954e-05,0.005468875868409209,0,0,4.138593064819251,45.72062674364477,EIF5A;NCBP2;SNU13;C9ORF78;LSM4;LSM2;COIL;LSM10;ISG20;LSM8;LSM7;TUT1;SNRPB2;PRPF31;SNRPD3;RBM7;SNRNP35;SNRPC;SNRPA
61,GO_Biological_Process_2026,Negative Regulation of mRNA Processing (GO:0050686),7.414942182833823e-05,0.005556422803459023,0,0,4.788823648511845,45.538975063348396,SNRPD2;PCBP4;SNRPD1;C1QBP;SNRPG;SAP18;SNRPE;SNRPD3;SNRPF;SRSF6;SRSF10;SRSF7;SRSF12;SNRPB
62,GO_Biological_Process_2026,Protein Catabolic Process (GO:0030163),9.431812231531018e-05,0.00695558724249097,0,0,2.0147305049210877,18.674209071191388,VPS4A;CTSW;NEDD8;USE1;RNF5;PSMA7;CLN5;PSMD8;PSMB6;PSMD6;PSMB4;PSMD7;DPP7;PSMB5;PSMD4;UBB;PSMB2;CTSL;PSMB3;UBC;PSMB1;CTSF;RPS27A;CTSD;HSPA8;CELA2A;HSP90AA1;CELA2B;FBXO2;GZMA;ADRM1;GZMB;ISG15;UCHL3;PSMB8;PSMB9;SEM1;PSMA5;UBE2W;PSMC5;PSMA4;PSMC3;PSMC4;CLPP;PPT1;FAU;UBA52
5723,GO_Cellular_Component_2026,Cytoplasmic Side of Rough Endoplasmic Reticulum Membrane (GO:0098556),0.000795987508148237,0.007064389134815603,0,0,23.913702506063057,170.64643694990787,RPS26;RPS28;RPS29;ALG5;RPL27
63,GO_Biological_Process_2026,DNA Metabolic Process (GO:0006259),9.98991489516987e-05,0.007252053844212378,0,0,1.6565772321010164,15.259311678634766,BTG2;FEN1;IHO1;NUDT1;HMGB2;HUS1B;PARK7;HMGB1;PTMS;HPF1;SUMO1;RUVBL2;FBXO4;PCLAF;KPNA2;NUDT15;RFC4;PARP1;NSMCE3;NME3;GLRX2;INIP;NME1;PSMA5;CDC34;EID3;PSMA4;RAD51C;GRWD1;CINP;UBE2V2;TERF2IP;ADPRS;DCTPP1;SET;RNASEH2A;SHMT1;PRIM1;XPA;PSMA7;PSMB6;TBRG1;PURA;PSMB4;PSMB5;PSMB2;NTHL1;PSMB3;PSMB1;POLD2;RPS3;SHOC1;MUTYH;GINS2;XRCC6;NPM1;DUT;UBE2B;GADD45A;PTGES3;CNBP;RPA2;UBE2A;GTF2H3;C1ORF146;HNRNPAB;HINFP;MAD2L2;ISG20;RAD52;RAD51;APEX1;RPA3;UBE2T;POLE2;POLE3;NABP2;SSBP1;REC114;RAD9B;NOP53;RAN;CENPS
5725,GO_Cellular_Component_2026,Ficolin-1-rich Granule (GO:0101002),0.0008919852359344415,0.007599714210161441,0,0,1.775638700482456,12.468643228200492,CFD;CSTB;HSP90AB1;GMFG;GSTP1;C1ORF35;A1BG;HMGB1;APEH;SRP14;CST3;LGALS3;PSMD6;PSMD7;PRDX4;LAMP1;PSMB1;TBC1D10C;RAC1;CCT8;GUSB;CTSD;GSDMD;HSPA8;XRCC6;HSP90AA1;FCER1G;DYNLT1;HSPA6;ATP6AP2;COMMD3;PDAP1;MIF;ARPC5;DYNLL1;ILF2;RHOA;SERPINB6;EEF1A1;PSMA5;PSMC3;CSNK2B;PPIE;LAMTOR1;PPIA;HSPA1B;HSPA1A
5724,GO_Cellular_Component_2026,TIM23 Mitochondrial Import Inner Membrane Translocase Complex (GO:0005744),0.0008898718451935593,0.007599714210161441,0,0,6.379507920458376,44.81242659671769,DNAJC19;GRPEL1;TIMM17A;TIMM17B;ROMO1;TIMM10;DNAJC15;TIMM50
66,GO_Biological_Process_2026,Regulation of Lysosome Size (GO:0062196),0.00012023417096876878,0.00821482291648382,0,0,16.7456530529721,151.14742479588935,SNAPIN;BLOC1S1;BLOC1S2;KXD1;BORCS8;BORCS7;BORCS6
67,GO_Biological_Process_2026,Removal of Superoxide Radicals (GO:0019430),0.00012023417096876878,0.00821482291648382,0,0,16.7456530529721,151.14742479588935,NQO1;PRDX2;CCS;NOS3;PRDX1;PARK7;SOD1
65,GO_Biological_Process_2026,Formation of Cytoplasmic Translation Initiation Complex (GO:0001732),0.00011945174957489634,0.00821482291648382,0,0,8.614441747572815,77.81078962222634,EIF3M;EIF3K;EIF3L;EIF3I;EIF3G;EIF3H;EIF3E;EIF3F;EIF3D
64,GO_Biological_Process_2026,"CD8-positive, Alpha-Beta T Cell Homeostasis (GO:0160165)",0.00011945174957489634,0.00821482291648382,0,0,8.614441747572815,77.81078962222634,PSMA5;PSMB4;PSMA4;PSMB2;PSMB3;PSMB1;PSMA7;PSMB8;PSMB9
68,GO_Biological_Process_2026,Cytoplasmic Translational Initiation (GO:0002183),0.00013750104684816038,0.00912614090937933,0,0,3.83163864695159,34.070467325578356,MCTS1;SLBP;NCBP2;MIF4GD;EIF3M;EIF2S3;EIF3K;EIF3L;EIF3I;RPS3;EIF3G;EIF3H;DENR;EIF3E;EIF3F;EIF3D
69,GO_Biological_Process_2026,Inner Mitochondrial Membrane Organization (GO:0007007),0.00013750104684816038,0.00912614090937933,0,0,3.83163864695159,34.070467325578356,TIMM8B;TIMM8A;NDUFA13;TIMM29;UQCC3;TIMM9;TIMM13;CHCHD10;TIMM22;GHITM;MICOS13;TIMM10;MICOS10;TMEM11;ROMO1;CIBAR1
70,GO_Biological_Process_2026,"Vesicle Targeting, Rough ER to cis-Golgi (GO:0048207)",0.0001446737393693877,0.009466960466340497,0,0,5.222718993210797,46.1742122926619,GLTP;TRAPPC2;TRAPPC3;TRAPPC6A;TMED10;TRAPPC1;TRAPPC2L;SAR1B;TRAPPC4;TRAPPC5;TRAPPC2B;TMED2
71,GO_Biological_Process_2026,ATP Synthesis Coupled Electron Transport (GO:0042773),0.00015499871328056848,0.010001722526410016,0,0,inf,inf,NDUFB6;NDUFA12;NDUFS2;NDUFV3;NDUFV1
73,GO_Biological_Process_2026,Positive Regulation of Intrinsic Apoptotic Signaling Pathway by P53 Class Mediator (GO:1902255),0.00015981491715710657,0.010033785204215096,0,0,28.702243784111584,250.900496993784,EIF5A;RPS7;UBB;MYC;PDCD5;RPL26
72,GO_Biological_Process_2026,Maturation of SSU-rRNA (GO:0030490),0.000159313383665328,0.010033785204215096,0,0,2.826343163259999,24.71534593029382,UTP11;IMP3;KRR1;UTP3;NGDN;TSR3;NOL7;IMP4;SNU13;WDR46;RRP9;FBL;RPS14;TRMT112;RPS28;RPS16;LSM6;NOB1;RPS19;TSR2;RRP36;RPS13;FSAF1
74,GO_Biological_Process_2026,Regulation of Protein Catabolic Process (GO:0042176),0.0001647084062299541,0.01020313673792489,0,0,1.971462051296981,17.17406416539937,NDUFA13;GSK3A;CDKN1B;UBXN2A;ODC1;TNF;OAZ1;ATRAID;PSMA7;ATP5IF1;PSMD8;SNX3;PSMB6;PSMD6;PSMB4;PSMD7;PSMB5;PSMD4;UBB;PSMB2;DDRGK1;PSMB3;PSMB1;NUDT15;RILP;NQO1;HSP90AA1;TNFSF12;ADRM1;SNF8;RBX1;EEF1A1;SEM1;PSMA5;MAD2L2;PSMC5;PSMA4;PSMC3;PSMC4;PSME1;PSME2;PIN1;TMEM9;DTL;VPS28;MAD2L1
4649,GO_Molecular_Function_2026,"RNA Endonuclease Activity Producing 5'-Phosphomonoesters, Hydrolytic Mechanism (GO:0016891)",4.1029639774108416e-05,0.010565132241832918,0,0,4.7895909275010125,48.38069170147152,POP5;FEN1;POP7;RNASEH2A;POP4;ELAC1;RPP40;PLD6;NUDT16L1;MRPL44;ENDOV;RNASEH1;APEX1;RPP21;RPP25
75,GO_Biological_Process_2026,RNA Splicing (GO:0008380),0.00019990352846379491,0.012220418332141988,0,0,2.2904214954489897,19.509067435453325,RBM8A;PDCD7;GEMIN2;RTCB;WBP4;ZBTB8OS;WDR83;USP39;SNRPD2;SNRPD1;MAGOH;ARL6IP4;SNRPD3;SNRNP35;TXNL4A;SRSF10;BCAS2;SNRPN;NCBP2;PRMT1;ZCRB1;MAGOHB;LSM4;LSM6;SCNM1;SNRPG;SRSF2;RP9;SNRNP25;SNRPF;SRSF7;SNRPB
76,GO_Biological_Process_2026,Proteasome Assembly (GO:0043248),0.00020397862098478844,0.01230759315708217,0,0,9.570070778564206,81.32163211903836,PSMD10;PSMD9;PSMB5;ADRM1;POMP;PSMG3;PSMG4;PSMG2
5726,GO_Cellular_Component_2026,Mitochondrial Outer Membrane (GO:0005741),0.001550149547157382,0.012948307982138132,0,0,1.7407228488051107,11.261439135820105,SMIM26;TOMM40;MGST3;CISD1;IFI6;CISD2;MIEF2;PLD6;MFF;PHB2;TOMM20;TOMM22;FUNDC2;PGRMC1;HINT2;UBB;STMP1;FUNDC1;UBC;RAC2;BNIP1;TSPO;COX14;RPS27A;VAT1;FIS1;MOAP1;CYB5A;BAD;NME3;NME4;TUFM;QTRT1;HAX1;STAR;STING1;PIGBOS1;VDAC3;TOMM7;VDAC2;BAX;VDAC1;PGAM5;UBA52;TOMM5
5727,GO_Cellular_Component_2026,BLOC-1 Complex (GO:0031083),0.0016181459737543112,0.013256349708064163,0,0,5.467918532428138,35.139437626664474,BCAS4;BLOC1S4;BLOC1S5;SNAPIN;BLOC1S1;BLOC1S2;BLOC1S3;KXD1
4655,GO_Molecular_Function_2026,Thioredoxin Peroxidase Activity (GO:0008379),0.00015499871328056848,0.014513515879907776,0,0,inf,inf,PRDX3;PRDX2;PRDX5;PRDX4;PRDX1
4656,GO_Molecular_Function_2026,Thioredoxin-dependent Peroxiredoxin Activity (GO:0140824),0.00015499871328056848,0.014513515879907776,0,0,inf,inf,PRDX3;PRDX2;PRDX5;PRDX4;PRDX1
4652,GO_Molecular_Function_2026,5S rRNA Binding (GO:0008097),0.00012023417096876878,0.014513515879907776,0,0,16.7456530529721,151.14742479588935,RPL5;TST;MRPL18;RPL11;GTF3A;RRS1;NOP53
4650,GO_Molecular_Function_2026,Alcohol Dehydrogenase (NADP+) Activity (GO:0008106),7.414942182833823e-05,0.014513515879907776,0,0,4.788823648511845,45.538975063348396,CBR1;DCXR;AKR1A1;AKR1C3;AKR1B1;KCNAB1;AKR1C4;AKR7A2;DHRS7;RDH12;RDH11;RDH14;DHRS4L2;RDH13
4654,GO_Molecular_Function_2026,MRNA 5'-UTR Binding (GO:0048027),0.00014849775921725307,0.014513515879907776,0,0,5.850690228877197,51.57348735891115,RPL5;RPS14;RSL1D1;RPL41;RPS7;SHMT1;UTP23;RPS3A;RPL26;MYH10;RPS13
4651,GO_Molecular_Function_2026,Iron-sulfur Cluster Binding (GO:0051536),0.00010565643836358848,0.014513515879907776,0,0,4.225752269315989,38.688105287694434,ISCA2;ISCA1;CISD1;CISD2;SDHB;CISD3;NUBP2;NFU1;SLC25A39;DPH2;FDX1;RPS3;CIAPIN1;FXN;ISCU
4653,GO_Molecular_Function_2026,NADH Dehydrogenase Activity (GO:0003954),0.00012023417096876878,0.014513515879907776,0,0,16.7456530529721,151.14742479588935,NDUFA9;NQO1;NDUFS8;NDUFS7;NDUFS3;NDUFS2;NDUFV2
77,GO_Biological_Process_2026,Vacuolar Acidification (GO:0007035),0.0002449391688411325,0.01458958177481925,0,0,3.7806164865383387,31.433938305395102,GRN;ATP6V0B;ATP6V0E1;ATP6AP1;ROGDI;ATP6AP2;CLN5;LAMP1;VMA22;VMA21;PPT1;ATP6V0A4;TMEM9;ATP6V0E2;ATP6V1F
78,GO_Biological_Process_2026,TRNA 5'-End Processing (GO:0099116),0.00025263485389439145,0.01485748773662459,0,0,7.178398058252427,59.46272961756901,POP5;POP7;SSB;TRMT10C;POP4;RPP40;RPP21;RPP25;RPP25L
79,GO_Biological_Process_2026,Chaperone-mediated Protein Complex Assembly (GO:0051131),0.0002690755715220482,0.015433643275202913,0,0,5.982702812057455,49.18091784702396,CCT2;HSP90AA1;HSP90AB1;PTGES3;DNLZ;PSMG3;PSMG2;HOPX;PFDN6;HSPA1A
80,GO_Biological_Process_2026,Nucleobase-containing Small Molecule Metabolic Process (GO:0055086),0.0002690755715220482,0.015433643275202913,0,0,5.982702812057455,49.18091784702396,GUK1;CMPK1;NUDT18;GLRX;NME4;AK6;NUDT5;NUDT15;NUDT14;NUDT13
81,GO_Biological_Process_2026,Glutathione Metabolic Process (GO:0006749),0.00029174817283531544,0.01653002452430336,0,0,3.9432369019687243,32.096448175939145,GGT5;GSTK1;GSTO1;GSTP1;GSS;GLRX2;SOD1;GSTZ1;HPGDS;GSTA4;ETHE1;CHAC1;HAGH;MMACHC
82,GO_Biological_Process_2026,Regulation of Endosome Size (GO:0051036),0.00034050703182669935,0.01906018879357645,0,0,11.163296940288449,89.13976087199025,SNAPIN;BLOC1S1;BLOC1S2;KXD1;BORCS8;BORCS7;BORCS6
83,GO_Biological_Process_2026,Cellular Response to Type I Interferon (GO:0071357),0.0003563252154691733,0.019708177988925945,0,0,2.6241282719984547,20.834703903702305,IFITM3;IFITM1;IFITM2;ADRM1;PSMA7;PSMD8;PSMA5;PSMB6;SEM1;PSMD6;PSMB4;PSMC5;PSMD7;PSMA4;PSMB5;PSMD4;PSMB2;PSMC3;PSMB3;PSMC4;PSMB1;PSME1;PSME2
84,GO_Biological_Process_2026,U2-type Prespliceosome Assembly (GO:1903241),0.0003952951090257073,0.021606365606275716,0,0,4.418850123768157,34.62557029582843,SF3B5;PHF5A;SNRPD2;RBMX2;SNRPD1;SF3B6;SNRPG;SNRPB2;SNRPE;SNRPD3;SNRPF;SNRPB
4657,GO_Molecular_Function_2026,Ubiquitin-protein Transferase Inhibitor Activity (GO:0055105),0.00025263485389439145,0.021684491625935266,0,0,7.178398058252427,59.46272961756901,RPS15;RPL5;RPS7;RPL23;RPL11;RPS20;PARK7;RPL37;OTUB1
85,GO_Biological_Process_2026,Regulation of Apoptotic Process (GO:0042981),0.00040430209830251206,0.02184171568271478,0,0,1.4034567506852702,10.965696264628354,ARL6IP1;PDCD5;SCX;YEATS4;CIB1;PARK7;PHB2;TNF;ACTB;IL27RA;LGALS2;LGALS1;FAM162A;MYC;RUVBL2;CFL1;PIM1;ARL6IP5;PIM3;SOX8;TMEM14A;HOXA5;ZBP1;RPS6;MIF;RBX1;BRMS1;BIN1;FKBP8;VDAC1;ZNF830;PPIA;PSMD10;KHDRBS1;BEX3;CERKL;BEX2;MEAF6;BCL10;HIGD1A;GATA1;MTDH;PRDX3;BCL2L12;SOCS2;PRDX2;SOCS3;PRDX5;UBB;DDRGK1;BAG1;MOAP1;PRELID1;XBP1;GADD45B;GADD45A;BFAR;PA2G4;GADD45G;HIGD2A;MRGBP;CDK5;WNK3;PPT1;ANP32E;TNFSF9;CD27;ANP32B;ALK;PRR7;CITED2;TRADD;HSPB1;HMGB1;TRIAP1;CD3E;IER3IP1;PTMS;ING4;MYDGF;VPS72;CASP6;SMPD1;C1QBP;RACK1;MLST8;CTSD;HSP90AA1;TNFRSF12A;UTP11;PRMT1;TNFRSF18;SIGMAR1;RPS3A;NME1;CREB3;HAX1;TMBIM4;DAD1;DDAH2;GAS1;BIRC5;ANG;TMBIM6;NAA38;EEF1E1;FXN;PTMA;HDAC1;GSTP1;TAF9;IFI6;IL2RG;C3ORF38;TFPT;MIEN1;ERBB3;RPS3;BNIP1;SAP18;TAF9B;NPM1;BAD;GZMA;DKKL1;PNMA5;VEGFB;SOD1;DNAJA1;RSL1D1;GOLPH3;AXL;APEX1;BAX;CIAPIN1;EVI2B;NOP53;HSPA1B;TPT1;HSPA1A;LAMTOR5
5728,GO_Cellular_Component_2026,U2-type Catalytic Step 2 Spliceosome (GO:0071007),0.002810513288860476,0.022590163416123826,0,0,3.1907171287863454,18.743510882547127,SNRPD2;SNRPD1;SYF2;SNRPG;PPIE;SNRPB2;SNRPE;SNRPD3;CWC15;SNRPF;BCAS2;SNRPB
87,GO_Biological_Process_2026,DNA Repair (GO:0006281),0.00044889125094318353,0.023210939281525483,0,0,1.5820800848037204,12.195828057649939,H2AX;BTG2;FEN1;CETN2;NUDT1;HMGB2;HUS1B;CIB1;NUCKS1;PARK7;HMGB1;BABAM1;ALKBH2;HPF1;SUMO1;HMCES;RUVBL2;FAAP100;RFC4;PARP1;NSMCE3;NME3;SIRT6;RAD23A;INIP;NME1;RBX1;PSMA5;EID3;PSMA4;RAD51C;ADPRS;MPND;RHNO1;RNASEH2C;SET;RNASEH2A;TEX264;ABRAXAS1;CDCA5;XPA;FAAP24;FAAP20;PSMA7;UNG;PSMB6;PSMB4;PSMB5;PSMB2;NTHL1;PSMB3;PSMB1;RPS3;MUTYH;CDKN2D;XRCC6;NPM1;CENPX;UBE2B;GADD45A;RPA2;UBE2A;GTF2H3;GTF2H5;HINFP;FANCF;MAD2L2;RAD52;CDK7;H2AC25;RAD51;APEX1;RPA3;UBE2T;POLE2;NABP2;RAD9B;NOP53;CENPS
89,GO_Biological_Process_2026,TRNA 5'-Leader Removal (GO:0001682),0.0004496307652469422,0.023210939281525483,0,0,7.6557330637007075,59.00337653025953,POP5;POP7;SSB;POP4;RPP40;RPP21;RPP25;RPP25L
88,GO_Biological_Process_2026,Modification-dependent Macromolecule Catabolic Process (GO:0043632),0.0004496307652469422,0.023210939281525483,0,0,7.6557330637007075,59.00337653025953,UBB;UBC;TUT1;ISG15;NEDD8;FAU;RPS27A;UBA52
86,GO_Biological_Process_2026,COPII Vesicle Coating (GO:0048208),0.0004440677563161489,0.023210939281525483,0,0,4.786523674625657,36.949729389849374,TRAPPC2;TRAPPC3;TRAPPC6A;TMED10;TRAPPC1;TRAPPC2L;SAR1B;TRAPPC4;TRAPPC5;TRAPPC2B;TMED2
5729,GO_Cellular_Component_2026,Multimeric Ribonuclease P Complex (GO:0030681),0.002974617347929676,0.023466425744778557,0,0,7.1746513038204975,41.7395374842061,POP5;POP7;POP4;RPP40;RPP21;RPP25
91,GO_Biological_Process_2026,Negative Regulation of Regulatory T Cell Differentiation (GO:0045590),0.0004800171908760109,0.02424086813923855,0,0,5.317733270393598,40.636461924930266,PSMA5;LAG3;PSMB4;PSMA4;PSMB2;PSMB3;PSMB1;PSMA7;PSMB8;PSMB9
90,GO_Biological_Process_2026,Protein-containing Complex Assembly (GO:0065003),0.00047821335725676227,0.02424086813923855,0,0,1.5881773563780908,12.142336240647467,SRP19;HSP90AB1;GEMIN2;CLTA;CD3G;CD3E;SRP14;JCHAIN;CASP4;TMED2;ELOB;DLGAP5;H3-3A;TEAD2;AP2M1;CCT2;HSP90AA1;TRAPPC2L;GPX4;DNAAF2;VBP1;PIH1D1;TRAPPC2B;CYBA;SRP9;VAMP8;EID2;TRAPPC6A;CSNK2B;MZB1;DNLZ;CHMP3;ITGB1BP1;VAMP2;PFDN6;HACD1;STOML2;TMED10;SAR1B;STXBP2;MIS12;POMP;CAPG;TSPAN33;TMEM70;PARD6B;PSMB5;PDZD11;AP2S1;GSDMD;TRAPPC2;TRAPPC3;NHERF2;TRAPPC1;RBPMS;NIFK;BAD;PTGES3;TRAPPC4;TRAPPC5;ADRM1;TBCC;NSG1;TBCA;SNUPN;PLEKHA7;HOPX;STING1;CAPZA1;PSMG3;CHMP2A;PDCL;SPAG1;SRPRB;NDUFAF1;PSMG2;HSPA1A
5730,GO_Cellular_Component_2026,Eukaryotic 43S Preinitiation Complex (GO:0016282),0.0038610800778743374,0.029905820239535776,0,0,19.1270963831077,106.28560835208745,EIF1AX;EIF3H;EIF1B;EIF1
93,GO_Biological_Process_2026,Ribosomal Large Subunit Assembly (GO:0000027),0.0007185134941572464,0.03551291163675071,0,0,4.38746121678133,31.757874913603324,DDX28;RPL5;EIF6;MTG1;RPL11;NDUFAB1;RRS1;BRIX1;MALSU1;NOP53;TUFM
92,GO_Biological_Process_2026,Lysosomal Lumen Acidification (GO:0007042),0.0007185134941572464,0.03551291163675071,0,0,4.38746121678133,31.757874913603324,ATP6V0B;GRN;ATP6AP1;LAMP1;VMA22;VMA21;ATP6AP2;PPT1;TMEM9;CLN5;ATP6V1F
97,GO_Biological_Process_2026,Protein Retention in ER Lumen (GO:0006621),0.000795987508148237,0.037736305743435804,0,0,23.913702506063057,170.64643694990787,RER1;GPAA1;KDELR1;KDELR2;KDELR3
94,GO_Biological_Process_2026,Cellular Heat Acclimation (GO:0070370),0.000795987508148237,0.037736305743435804,0,0,23.913702506063057,170.64643694990787,HSBP1;HSBP1L1;HSPA6;HSPA1B;HSPA1A
95,GO_Biological_Process_2026,Enzyme-directed rRNA Pseudouridine Synthesis (GO:0000455),0.000795987508148237,0.037736305743435804,0,0,23.913702506063057,170.64643694990787,DKC1;RPUSD1;RPUSD2;RPUSD3;TSR3
96,GO_Biological_Process_2026,Heat Acclimation (GO:0010286),0.000795987508148237,0.037736305743435804,0,0,23.913702506063057,170.64643694990787,HSBP1;HSBP1L1;HSPA6;HSPA1B;HSPA1A
4658,GO_Molecular_Function_2026,TRNA-specific Ribonuclease Activity (GO:0004549),0.0004887002659145265,0.038720097991689406,0,0,6.152652565880722,46.90635396767358,TSEN34;POP5;POP7;POP4;ELAC1;RPP40;RPP21;ANG;RPP25
5731,GO_Cellular_Component_2026,Zymogen Granule (GO:0042588),0.005181056367616787,0.038721579168504404,0,0,inf,inf,TMED10;TMED2;VAMP2
5732,GO_Cellular_Component_2026,Zymogen Granule Membrane (GO:0042589),0.005181056367616787,0.038721579168504404,0,0,inf,inf,TMED10;TMED2;VAMP2
5733,GO_Cellular_Component_2026,Oligosaccharyltransferase Complex B (GO:0160227),0.005455707655740539,0.03960228312895652,0,0,7.970560495823229,41.53533154385175,OST4;RPN2;TMEM258;DAD1;DDOST
5734,GO_Cellular_Component_2026,MHC Protein Complex (GO:0042611),0.005484823250254542,0.03960228312895652,0,0,3.5882888349514563,18.679807839436457,HLA-DMA;HLA-DPB1;HLA-C;HLA-DRA;HLA-F;HLA-DOB;HLA-DRB1;HLA-E;HLA-DPA1
103,GO_Biological_Process_2026,Riboflavin Metabolic Process (GO:0006771),0.0008962107048112261,0.04003648975531689,0,0,inf,inf,FLAD1;RFK;SLC52A2;SLC52A1
102,GO_Biological_Process_2026,Glucocorticoid Metabolic Process (GO:0008211),0.0008962107048112261,0.04003648975531689,0,0,inf,inf,CBR1;HSD11B2;STAR;YWHAH
99,GO_Biological_Process_2026,Mitochondrial Respiratory Chain Complex III Assembly (GO:0034551),0.0008898718451935593,0.04003648975531689,0,0,6.379507920458376,44.81242659671769,UQCC3;UQCC2;STMP1;UQCRFS1;UQCC4;OCIAD2;BCS1L;FXN
100,GO_Biological_Process_2026,Respiratory Chain Complex III Assembly (GO:0017062),0.0008898718451935593,0.04003648975531689,0,0,6.379507920458376,44.81242659671769,UQCC3;UQCC2;STMP1;UQCRFS1;UQCC4;OCIAD2;BCS1L;FXN
101,GO_Biological_Process_2026,DNA Protection (GO:0042262),0.0008962107048112261,0.04003648975531689,0,0,inf,inf,NUDT1;GLRX2;NUDT15;DCTPP1
98,GO_Biological_Process_2026,"CD8-positive, Alpha-Beta T Cell Activation (GO:0036037)",0.0008792252347985278,0.04003648975531689,0,0,5.383343446601942,37.87973171856523,PSMA5;PSMB4;PSMA4;PSMB2;PSMB3;PSMB1;PSMA7;HLA-E;PSMB9
5735,GO_Cellular_Component_2026,Vacuolar Proton-Transporting V-type ATPase Complex (GO:0016471),0.006231725834730776,0.04424525342658851,0,0,3.189830737069256,16.198285732412806,ATP6V0B;ATP6V1G1;ATP6V0E1;ATP6AP1;VMA22;ATP6AP2;ATP6V0A4;ATP6V0E2;ATP6V1E1;ATP6V1F
104,GO_Biological_Process_2026,Heme Biosynthetic Process (GO:0006783),0.001120157664595122,0.049564309616275594,0,0,4.049792983220745,27.515451086901514,ATP5IF1;ALAS2;PGRMC1;UROD;UROS;HMBS;TSPO;PPOX;FXN;TMEM14B;TMEM14C
