Gene_set,Term,P-value,Adjusted P-value,P-value (naive),Adjusted P-value (naive),Odds Ratio,numDEInCat,numInCat,classification,Genes,cluster_id,cluster_size,cluster_members,core_genes,n_core_genes,common_genes,n_common_genes,union_genes,n_union_genes
GO_Molecular_Function_2026,GTPase Regulator Activity (GO:0030695),3.95953064395812e-12,5.487909472525954e-09,1.01727001893091e-11,1.4099362462382412e-08,1.8672784173388148,100,432,GC-robust,ABR;AGAP9;AKAP13;ALS2;ARAP1;ARAP2;ARFGAP1;ARFGEF2;ARHGAP15;ARHGAP21;ARHGAP24;ARHGAP25;ARHGAP26;ARHGAP31;ARHGAP35;ARHGAP6;ARHGEF12;ARHGEF18;ARHGEF2;ASAP1;BCR;CCDC88A;CCDC88C;CDC42EP2;CHN2;CPEB2;CYTH4;DENND1A;DENND1B;DENND3;DNMBP;DOCK11;DOCK2;DOCK4;DOCK5;DOCK8;ELMO1;ELMO2;FARP2;GIT2;GNAQ;GPSM1;HERC2;IQSEC1;ITSN1;LRRK2;MCF2L;MYCBP2;MYO9A;MYO9B;NCKAP1L;NET1;NF1;OBSCN;PLCB1;PLCG1;PLEKHG2;PLXNB1;PREX1;RAB3GAP2;RABGEF1;RALGAPA2;RALGAPB;RALGPS1;RAP1GAP;RAPGEF1;RASA1;RASA3;RGS12;RGS5;RHOF;RIN3;RMC1;RPGR;SBF1;SBF2;SERGEF;SGSM2;SIPA1L2;SMCR8;STARD13;STARD8;STXBP5;STXBP5L;TBC1D14;TBC1D2;TBC1D22A;TBC1D22B;TBC1D2B;TBC1D3;TBC1D3L;TBC1D5;TBC1D9;TBCD;TBCK;TNK2;TRIO;USP6NL;VAV2;VAV3,1,4,GTPase Regulator Activity (GO:0030695);GTPase Activator Activity (GO:0005096);Guanyl-nucleotide Exchange Factor Activity (GO:0005085);Regulation of Small GTPase Mediated Signal Transduction (GO:0051056),ABR;BCR;PREX1;VAV3,4,ABR;AGAP9;AKAP13;ALS2;ARAP1;ARAP2;ARFGAP1;ARFGEF2;ARHGAP15;ARHGAP21;ARHGAP24;ARHGAP25;ARHGAP26;ARHGAP31;ARHGAP35;ARHGAP6;ARHGEF12;ARHGEF18;ARHGEF2;ASAP1;BCR;CCDC88A;CCDC88C;CDC42EP2;CHN2;CYTH4;DENND1A;DENND1B;DENND3;DNMBP;DOCK11;DOCK2;DOCK4;DOCK5;DOCK8;ELMO1;ELMO2;FARP2;GIT2;GNAQ;HERC2;IQSEC1;ITSN1;LRRK2;MCF2L;MYCBP2;MYO9A;MYO9B;NCKAP1L;NET1;NF1;OBSCN;PLCB1;PLCG1;PLEKHG2;PLXNB1;PREX1;RAB3GAP2;RABGEF1;RALGAPA2;RALGAPB;RALGPS1;RAP1GAP;RAPGEF1;RASA1;RASA3;RGS12;RGS5;RHOF;RIN3;RMC1;RPGR;SBF1;SBF2;SERGEF;SGSM2;SIPA1L2;SMCR8;STARD13;STARD8;STXBP5;STXBP5L;TBC1D14;TBC1D2;TBC1D22A;TBC1D22B;TBC1D2B;TBC1D3;TBC1D3L;TBC1D5;TBC1D9;TBCD;TBCK;TRIO;USP6NL;VAV2;VAV3,97,ABR;AGAP9;AKAP13;ALS2;ARAP1;ARAP2;ARFGAP1;ARFGEF2;ARHGAP15;ARHGAP21;ARHGAP24;ARHGAP25;ARHGAP26;ARHGAP31;ARHGAP35;ARHGAP6;ARHGEF12;ARHGEF18;ARHGEF2;ASAP1;BCR;CCDC88A;CCDC88C;CDC42EP2;CHN2;CPEB2;CYTH4;DENND1A;DENND1B;DENND3;DNMBP;DOCK11;DOCK2;DOCK4;DOCK5;DOCK8;ELMO1;ELMO2;FARP2;GIT2;GNAQ;GPSM1;HERC2;IQSEC1;ITGAV;ITSN1;LRRK2;MCF2L;MYCBP2;MYO9A;MYO9B;NCKAP1L;NET1;NF1;OBSCN;OGT;PLCB1;PLCG1;PLEKHG2;PLXNB1;PREX1;RAB3GAP2;RABGEF1;RALGAPA2;RALGAPB;RALGPS1;RAP1GAP;RAPGEF1;RASA1;RASA3;RGS12;RGS5;RHOF;RIN3;RMC1;RPGR;SBF1;SBF2;SERGEF;SGSM2;SIPA1L2;SMCR8;SRC;STARD13;STARD8;STXBP5;STXBP5L;TBC1D14;TBC1D2;TBC1D22A;TBC1D22B;TBC1D2B;TBC1D3;TBC1D3L;TBC1D5;TBC1D9;TBCD;TBCK;TNK2;TRIO;USP6NL;VAV2;VAV3,103
GO_Biological_Process_2026,Regulation of Intracellular Signal Transduction (GO:1902531),1.83563215994125e-07,0.0010914668823010672,3.24900228753213e-07,0.0019318567601666046,1.6954552922331294,69,320,GC-robust,ABR;ACVR1;AKAP13;APP;ARAP1;ARHGAP15;ARHGAP21;ARHGAP26;ARHGAP31;ARHGAP35;ARHGAP6;ARHGEF12;ARHGEF2;ATM;BCR;CAPN3;CARD9;CHN2;DNMBP;DOCK2;DOCK8;EP300;GNA12;GRAP;HIPK2;ITGAV;ITPR1;ITSN1;KAT6A;LRRK2;MALT1;MCF2L;MINK1;MTOR;MYO9A;MYO9B;NET1;NF1;OBSCN;PAK4;PIP5K1C;PLCG2;PPM1A;PPP2CA;PREX1;PRMT5;PTPN13;RASA1;RASA3;RASSF2;RHOF;RICTOR;SGMS1;SLA;SLC8A1;STARD13;STRIP1;TAB2;TAB3;TAF1;TBCK;TRAF4;TRIO;TTI1;USP7;VAV2;VAV3;VEGFA;VRK2,2,2,Regulation of Intracellular Signal Transduction (GO:1902531);Regulation of Small GTPase Mediated Signal Transduction (GO:0051056),ABR;AKAP13;ARAP1;ARHGAP15;ARHGAP21;ARHGAP26;ARHGAP31;ARHGAP35;ARHGAP6;ARHGEF12;ARHGEF2;BCR;CHN2;DNMBP;DOCK2;DOCK8;ITGAV;ITSN1;MCF2L;MYO9A;MYO9B;NET1;OBSCN;PREX1;RHOF;STARD13;TRIO;VAV2;VAV3,29,ABR;ACVR1;AKAP13;APP;ARAP1;ARFGAP1;ARHGAP15;ARHGAP21;ARHGAP25;ARHGAP26;ARHGAP31;ARHGAP35;ARHGAP6;ARHGEF12;ARHGEF18;ARHGEF2;ATM;BCR;CAPN3;CARD9;CHN2;DENND1A;DENND3;DNMBP;DOCK11;DOCK2;DOCK8;EP300;GIT2;GNA12;GRAP;HIPK2;ITGAV;ITPR1;ITSN1;KAT6A;LRRK2;MALT1;MCF2L;MINK1;MTOR;MYO9A;MYO9B;NET1;NF1;OBSCN;OGT;PAK4;PIP5K1C;PLCG2;PPM1A;PPP2CA;PREX1;PRMT5;PTPN13;RALGPS1;RASA1;RASA3;RASSF2;RHOF;RICTOR;SGMS1;SLA;SLC8A1;SRC;STARD13;STARD8;STRIP1;TAB2;TAB3;TAF1;TBCK;TRAF4;TRIO;TTI1;USP7;VAV2;VAV3;VEGFA;VRK2,80,ABR;ACVR1;AKAP13;APP;ARAP1;ARFGAP1;ARHGAP15;ARHGAP21;ARHGAP25;ARHGAP26;ARHGAP31;ARHGAP35;ARHGAP6;ARHGEF12;ARHGEF18;ARHGEF2;ATM;BCR;CAPN3;CARD9;CHN2;DENND1A;DENND3;DNMBP;DOCK11;DOCK2;DOCK8;EP300;GIT2;GNA12;GRAP;HIPK2;ITGAV;ITPR1;ITSN1;KAT6A;LRRK2;MALT1;MCF2L;MINK1;MTOR;MYO9A;MYO9B;NET1;NF1;OBSCN;OGT;PAK4;PIP5K1C;PLCG2;PPM1A;PPP2CA;PREX1;PRMT5;PTPN13;RALGPS1;RASA1;RASA3;RASSF2;RHOF;RICTOR;SGMS1;SLA;SLC8A1;SRC;STARD13;STARD8;STRIP1;TAB2;TAB3;TAF1;TBCK;TRAF4;TRIO;TTI1;USP7;VAV2;VAV3;VEGFA;VRK2,80
GO_Biological_Process_2026,Negative Regulation of Autophagy (GO:0010507),3.13590423853688e-06,0.006215362200780096,2.99363936834487e-06,0.0059333932280595325,3.2253389830508477,21,61,GC-robust,BCL2L1;DAP;EIF4G1;EIF4G2;EP300;KDM4A;LEPR;LRRK2;MET;MTMR8;MTOR;PINK1;QSOX1;RPTOR;SMCR8;SNRNP70;STK38L;TAB2;TAB3;TBC1D14;WDR6,3,1,Negative Regulation of Autophagy (GO:0010507),BCL2L1;DAP;EIF4G1;EIF4G2;EP300;KDM4A;LEPR;LRRK2;MET;MTMR8;MTOR;PINK1;QSOX1;RPTOR;SMCR8;SNRNP70;STK38L;TAB2;TAB3;TBC1D14;WDR6,21,BCL2L1;DAP;EIF4G1;EIF4G2;EP300;KDM4A;LEPR;LRRK2;MET;MTMR8;MTOR;PINK1;QSOX1;RPTOR;SMCR8;SNRNP70;STK38L;TAB2;TAB3;TBC1D14;WDR6,21,BCL2L1;DAP;EIF4G1;EIF4G2;EP300;KDM4A;LEPR;LRRK2;MET;MTMR8;MTOR;PINK1;QSOX1;RPTOR;SMCR8;SNRNP70;STK38L;TAB2;TAB3;TBC1D14;WDR6,21
GO_Biological_Process_2026,Phosphatidylinositol Metabolic Process (GO:0046488),1.25077710852205e-05,0.01859280171818027,1.22491431200442e-05,0.018208351247945703,2.8663088512241055,21,66,GC-robust,INPP4A;INPP5D;INPP5F;MTM1;MTMR1;MTMR14;MTMR3;MTMR8;PI4KA;PIKFYVE;PIP5K1C;PITPNM3;PLCB1;PLCG1;PLCG2;PLCH2;PLCL2;PLEKHA8;SBF1;SYNJ1;VAC14,4,1,Phosphatidylinositol Metabolic Process (GO:0046488),INPP4A;INPP5D;INPP5F;MTM1;MTMR1;MTMR14;MTMR3;MTMR8;PI4KA;PIKFYVE;PIP5K1C;PITPNM3;PLCB1;PLCG1;PLCG2;PLCH2;PLCL2;PLEKHA8;SBF1;SYNJ1;VAC14,21,INPP4A;INPP5D;INPP5F;MTM1;MTMR1;MTMR14;MTMR3;MTMR8;PI4KA;PIKFYVE;PIP5K1C;PITPNM3;PLCB1;PLCG1;PLCG2;PLCH2;PLCL2;PLEKHA8;SBF1;SYNJ1;VAC14,21,INPP4A;INPP5D;INPP5F;MTM1;MTMR1;MTMR14;MTMR3;MTMR8;PI4KA;PIKFYVE;PIP5K1C;PITPNM3;PLCB1;PLCG1;PLCG2;PLCH2;PLCL2;PLEKHA8;SBF1;SYNJ1;VAC14,21
GO_Molecular_Function_2026,Small GTPase Binding (GO:0031267),6.03031536121102e-05,0.02039568500798854,7.16679487450322e-05,0.019866355392122927,1.662692496093764,43,202,GC-robust,ABCA1;AKAP13;ALS2;ANKFY1;AP1G1;ARHGEF2;CDC42EP2;DMXL2;DOCK2;DOCK4;DOCK5;EHBP1;EXOC2;EXOC5;EXOC8;FLNA;GIT2;HACE1;IPO8;KNTC1;LRRK2;MICALL2;MYCBP2;MYO5A;MYO9B;NDRG1;PLEKHA8;PLEKHG2;PPP6R1;RAB11FIP4;RAB3GAP2;RABGEF1;RANBP3;RAP1GAP;RIN3;RPTOR;SGSM2;SORL1;UNC13B;USP6NL;VPS39;WDR44;XPO5,5,1,Small GTPase Binding (GO:0031267),ABCA1;AKAP13;ALS2;ANKFY1;AP1G1;ARHGEF2;CDC42EP2;DMXL2;DOCK2;DOCK4;DOCK5;EHBP1;EXOC2;EXOC5;EXOC8;FLNA;GIT2;HACE1;IPO8;KNTC1;LRRK2;MICALL2;MYCBP2;MYO5A;MYO9B;NDRG1;PLEKHA8;PLEKHG2;PPP6R1;RAB11FIP4;RAB3GAP2;RABGEF1;RANBP3;RAP1GAP;RIN3;RPTOR;SGSM2;SORL1;UNC13B;USP6NL;VPS39;WDR44;XPO5,43,ABCA1;AKAP13;ALS2;ANKFY1;AP1G1;ARHGEF2;CDC42EP2;DMXL2;DOCK2;DOCK4;DOCK5;EHBP1;EXOC2;EXOC5;EXOC8;FLNA;GIT2;HACE1;IPO8;KNTC1;LRRK2;MICALL2;MYCBP2;MYO5A;MYO9B;NDRG1;PLEKHA8;PLEKHG2;PPP6R1;RAB11FIP4;RAB3GAP2;RABGEF1;RANBP3;RAP1GAP;RIN3;RPTOR;SGSM2;SORL1;UNC13B;USP6NL;VPS39;WDR44;XPO5,43,ABCA1;AKAP13;ALS2;ANKFY1;AP1G1;ARHGEF2;CDC42EP2;DMXL2;DOCK2;DOCK4;DOCK5;EHBP1;EXOC2;EXOC5;EXOC8;FLNA;GIT2;HACE1;IPO8;KNTC1;LRRK2;MICALL2;MYCBP2;MYO5A;MYO9B;NDRG1;PLEKHA8;PLEKHG2;PPP6R1;RAB11FIP4;RAB3GAP2;RABGEF1;RANBP3;RAP1GAP;RIN3;RPTOR;SGSM2;SORL1;UNC13B;USP6NL;VPS39;WDR44;XPO5,43
GO_Molecular_Function_2026,Bitter Taste Receptor Activity (GO:0033038),7.35775072438259e-05,0.02039568500798854,5.92870873970886e-05,0.019866355392122927,18.384810126582277,6,8,GC-robust,TAS2R13;TAS2R30;TAS2R31;TAS2R4;TAS2R43;TAS2R46,6,1,Bitter Taste Receptor Activity (GO:0033038),TAS2R13;TAS2R30;TAS2R31;TAS2R4;TAS2R43;TAS2R46,6,TAS2R13;TAS2R30;TAS2R31;TAS2R4;TAS2R43;TAS2R46,6,TAS2R13;TAS2R30;TAS2R31;TAS2R4;TAS2R43;TAS2R46,6
GO_Cellular_Component_2026,Early Endosome (GO:0005769),0.0001419921150666,0.038408326146189,0.0001490495914447,0.034716048604312,1.4528443393103283,56,293,GC-robust,ABCB6;ALS2;ANKFY1;AP1B1;AP1G1;AP3B1;APP;ARAP1;ATP11B;ATP13A3;ATP13A4;DAGLA;DNAJC13;DOP1B;ECE1;ECPAS;EHD4;HGS;HLA-A;HLA-B;HLA-G;HPS3;HTT;IGF2R;INPP5F;KCNQ1;KIF16B;LDLRAD4;LMTK2;LNPEP;LRP1;MARCHF8;MVB12B;MYO5A;PIKFYVE;PLA2G4B;RABGEF1;RAPGEF1;RIN3;SLC2A13;SLC9A9;SNX13;SORL1;TBC1D2B;TBC1D3;TBCK;TMEM63A;VAC14;VPS11;VPS8;WASHC4;WASHC5;WDR81;WDR91;ZFYVE16;ZFYVE26,7,1,Early Endosome (GO:0005769),ABCB6;ALS2;ANKFY1;AP1B1;AP1G1;AP3B1;APP;ARAP1;ATP11B;ATP13A3;ATP13A4;DAGLA;DNAJC13;DOP1B;ECE1;ECPAS;EHD4;HGS;HLA-A;HLA-B;HLA-G;HPS3;HTT;IGF2R;INPP5F;KCNQ1;KIF16B;LDLRAD4;LMTK2;LNPEP;LRP1;MARCHF8;MVB12B;MYO5A;PIKFYVE;PLA2G4B;RABGEF1;RAPGEF1;RIN3;SLC2A13;SLC9A9;SNX13;SORL1;TBC1D2B;TBC1D3;TBCK;TMEM63A;VAC14;VPS11;VPS8;WASHC4;WASHC5;WDR81;WDR91;ZFYVE16;ZFYVE26,56,ABCB6;ALS2;ANKFY1;AP1B1;AP1G1;AP3B1;APP;ARAP1;ATP11B;ATP13A3;ATP13A4;DAGLA;DNAJC13;DOP1B;ECE1;ECPAS;EHD4;HGS;HLA-A;HLA-B;HLA-G;HPS3;HTT;IGF2R;INPP5F;KCNQ1;KIF16B;LDLRAD4;LMTK2;LNPEP;LRP1;MARCHF8;MVB12B;MYO5A;PIKFYVE;PLA2G4B;RABGEF1;RAPGEF1;RIN3;SLC2A13;SLC9A9;SNX13;SORL1;TBC1D2B;TBC1D3;TBCK;TMEM63A;VAC14;VPS11;VPS8;WASHC4;WASHC5;WDR81;WDR91;ZFYVE16;ZFYVE26,56,ABCB6;ALS2;ANKFY1;AP1B1;AP1G1;AP3B1;APP;ARAP1;ATP11B;ATP13A3;ATP13A4;DAGLA;DNAJC13;DOP1B;ECE1;ECPAS;EHD4;HGS;HLA-A;HLA-B;HLA-G;HPS3;HTT;IGF2R;INPP5F;KCNQ1;KIF16B;LDLRAD4;LMTK2;LNPEP;LRP1;MARCHF8;MVB12B;MYO5A;PIKFYVE;PLA2G4B;RABGEF1;RAPGEF1;RIN3;SLC2A13;SLC9A9;SNX13;SORL1;TBC1D2B;TBC1D3;TBCK;TMEM63A;VAC14;VPS11;VPS8;WASHC4;WASHC5;WDR81;WDR91;ZFYVE16;ZFYVE26,56
GO_Cellular_Component_2026,Trans-Golgi Network (GO:0005802),0.0001506208868478,0.038408326146189,0.0001286314876922,0.034716048604312,1.5218084041386195,50,252,GC-robust,AP1B1;AP1G1;AP3B1;APP;ARAP1;ARFGEF2;ASAP1;ATG9A;ATP2C1;ATP8B4;ATP9B;BIRC6;CLTC;COG1;COG2;COG8;CRACR2A;DOP1A;DOP1B;ECPAS;EIPR1;FAM91A1;HTR7;IGF2R;M6PR;MLANA;MMP24;MYO18A;NLRP3;OSBP;OSBPL9;PARP12;PCSK5;PCSK7;PLEKHA8;RAB43;RAB7B;RELCH;SLC9A8;SORL1;ST3GAL1;TBC1D23;TRAPPC9;USP6NL;VPS13B;VPS52;VPS53;VTI1A;WDR11;WIPI1,8,1,Trans-Golgi Network (GO:0005802),AP1B1;AP1G1;AP3B1;APP;ARAP1;ARFGEF2;ASAP1;ATG9A;ATP2C1;ATP8B4;ATP9B;BIRC6;CLTC;COG1;COG2;COG8;CRACR2A;DOP1A;DOP1B;ECPAS;EIPR1;FAM91A1;HTR7;IGF2R;M6PR;MLANA;MMP24;MYO18A;NLRP3;OSBP;OSBPL9;PARP12;PCSK5;PCSK7;PLEKHA8;RAB43;RAB7B;RELCH;SLC9A8;SORL1;ST3GAL1;TBC1D23;TRAPPC9;USP6NL;VPS13B;VPS52;VPS53;VTI1A;WDR11;WIPI1,50,AP1B1;AP1G1;AP3B1;APP;ARAP1;ARFGEF2;ASAP1;ATG9A;ATP2C1;ATP8B4;ATP9B;BIRC6;CLTC;COG1;COG2;COG8;CRACR2A;DOP1A;DOP1B;ECPAS;EIPR1;FAM91A1;HTR7;IGF2R;M6PR;MLANA;MMP24;MYO18A;NLRP3;OSBP;OSBPL9;PARP12;PCSK5;PCSK7;PLEKHA8;RAB43;RAB7B;RELCH;SLC9A8;SORL1;ST3GAL1;TBC1D23;TRAPPC9;USP6NL;VPS13B;VPS52;VPS53;VTI1A;WDR11;WIPI1,50,AP1B1;AP1G1;AP3B1;APP;ARAP1;ARFGEF2;ASAP1;ATG9A;ATP2C1;ATP8B4;ATP9B;BIRC6;CLTC;COG1;COG2;COG8;CRACR2A;DOP1A;DOP1B;ECPAS;EIPR1;FAM91A1;HTR7;IGF2R;M6PR;MLANA;MMP24;MYO18A;NLRP3;OSBP;OSBPL9;PARP12;PCSK5;PCSK7;PLEKHA8;RAB43;RAB7B;RELCH;SLC9A8;SORL1;ST3GAL1;TBC1D23;TRAPPC9;USP6NL;VPS13B;VPS52;VPS53;VTI1A;WDR11;WIPI1,50
GO_Cellular_Component_2026,Late Endosome (GO:0005770),0.0002265713005173,0.038517121087940996,0.0002042120506136,0.034716048604312,1.545059774629626,45,224,GC-robust,ARAP1;ATG9A;ATP13A3;ATP13A4;CD68;CLCN6;CLCN7;CLEC16A;ECPAS;EXOC8;FYCO1;HDAC6;HTT;IGF2R;KCNQ1;KIDINS220;M6PR;MARCHF8;MFSD12;MREG;MTM1;MVB12B;MYO5A;NPC1;PIK3C3;PIK3R4;PIKFYVE;RAB7B;RMC1;RNF13;SLC9A9;SNX14;SORL1;SRC;TTPA;VAC14;VPS11;VPS13C;VPS39;VPS41;VPS8;VTI1A;WDR81;WDR91;ZFYVE26,9,1,Late Endosome (GO:0005770),ARAP1;ATG9A;ATP13A3;ATP13A4;CD68;CLCN6;CLCN7;CLEC16A;ECPAS;EXOC8;FYCO1;HDAC6;HTT;IGF2R;KCNQ1;KIDINS220;M6PR;MARCHF8;MFSD12;MREG;MTM1;MVB12B;MYO5A;NPC1;PIK3C3;PIK3R4;PIKFYVE;RAB7B;RMC1;RNF13;SLC9A9;SNX14;SORL1;SRC;TTPA;VAC14;VPS11;VPS13C;VPS39;VPS41;VPS8;VTI1A;WDR81;WDR91;ZFYVE26,45,ARAP1;ATG9A;ATP13A3;ATP13A4;CD68;CLCN6;CLCN7;CLEC16A;ECPAS;EXOC8;FYCO1;HDAC6;HTT;IGF2R;KCNQ1;KIDINS220;M6PR;MARCHF8;MFSD12;MREG;MTM1;MVB12B;MYO5A;NPC1;PIK3C3;PIK3R4;PIKFYVE;RAB7B;RMC1;RNF13;SLC9A9;SNX14;SORL1;SRC;TTPA;VAC14;VPS11;VPS13C;VPS39;VPS41;VPS8;VTI1A;WDR81;WDR91;ZFYVE26,45,ARAP1;ATG9A;ATP13A3;ATP13A4;CD68;CLCN6;CLCN7;CLEC16A;ECPAS;EXOC8;FYCO1;HDAC6;HTT;IGF2R;KCNQ1;KIDINS220;M6PR;MARCHF8;MFSD12;MREG;MTM1;MVB12B;MYO5A;NPC1;PIK3C3;PIK3R4;PIKFYVE;RAB7B;RMC1;RNF13;SLC9A9;SNX14;SORL1;SRC;TTPA;VAC14;VPS11;VPS13C;VPS39;VPS41;VPS8;VTI1A;WDR81;WDR91;ZFYVE26,45
