Gene_set,Term,P-value,Adjusted P-value,P-value (naive),Adjusted P-value (naive),Odds Ratio,numDEInCat,numInCat,classification,Genes
GO_Biological_Process_2026,Regulation of Transcription by RNA Polymerase II (GO:0006357),1.21747070936418e-06,0.0072256886600764085,1.80388199756826e-06,0.005898088717232776,1.7986406132846744,581,1769,GC-robust,ABHD14B;ACTB;ACTN4;AEBP1;AGO1;AGO2;AGRN;AKAP8L;AKNA;AKT1;AMOT;APBB1;ARHGEF2;ARID1A;ARID3B;ARID5A;ARRB1;ATF6B;ATF7;ATMIN;ATN1;ATOH8;ATP2B4;ATXN1L;AURKB;BCL7B;BCL9;BCL9L;BCOR;BCORL1;BHLHA15;BHLHE40;BICRA;BIN1;BMAL1;BRD1;BRD2;BRD3;BRD4;BRD9;BRMS1;BRPF1;BRPF3;CABIN1;CALCOCO1;CALR;CAMK1;CAMTA2;CASZ1;CBFA2T3;CBX2;CBX4;CBX6;CBX7;CBX8;CC2D1A;CC2D1B;CD40;CD81;CDK9;CEBPA;CEBPB;CHD3;CIC;CIITA;CITED2;CNOT1;CREB3;CREB3L2;CREBBP;CRTC1;CRTC2;CRY2;CSRNP1;CSRNP2;CTBP1;CTBP2;CTDSP1;CXCR3;CXXC5;DAB2IP;DBP;DDRGK1;DEAF1;DGKQ;DLL1;DMAP1;DNAJA3;DNAJB1;DNMT1;DNMT3A;DNMT3B;DOT1L;DPF2;DVL1;DVL2;DVL3;E2F1;E2F2;E2F4;E4F1;EBF4;EEF1D;EFNA1;EGR1;EGR2;EGR3;EGR4;EHMT1;EHMT2;EIF4A1;EIF5A;ELF4;ELK1;ELK4;ENG;EP300;EPOP;ERCC2;ERF;ERFL;ESRRA;ETS2;EZR;FADD;FASLG;FBXL19;FHOD1;FIZ1;FLCN;FLYWCH1;FOSB;FOSL2;FOXJ1;FOXJ2;FOXK1;FOXM1;FOXO3B;FOXO4;FOXO6;FOXP3;FOXP4;FSTL3;FZD1;FZD5;GATAD2A;GFI1;GLIS1;GLMP;GMEB2;GPS2;GTF2F1;GZF1;HCFC1;HCLS1;HDAC1;HDAC10;HDAC4;HDAC5;HELZ2;HES4;HEXIM2;HIC1;HIF1AN;HINFP;HMGA1;HMOX1;HOMEZ;HSF1;HSF4;HSPA1A;HYAL2;IHH;IKBKB;IKBKG;IRF2BP1;IRF2BPL;IRF5;IRF7;IRF8;JADE2;JAG1;JMJD6;JUN;JUNB;JUP;KANK2;KAT2A;KAT5;KDM6B;KLF10;KLF13;KLF15;KLF16;KLF2;KLF4;KLF8;KMT2D;LDB1;LIF;LIN37;LOXL2;LPIN1;LPIN3;LRP5;MACROH2A1;MAFB;MAFF;MAFK;MAGED2;MAGEE1;MAML1;MAP3K10;MAPK3;MAPK7;MAPKAPK5;MAVS;MAZ;MBD1;MBD3;MC1R;MCM3AP;MCRS1;MED12;MED16;MED20;MED25;MED26;MEF2D;MEN1;MICAL2;MIDEAS;MIER2;MKRN2;MLLT6;MLX;MLXIP;MLXIPL;MNT;MSC;MTA1;MTA2;MXD3;MXD4;MYBBP1A;MYC;MYCL;MYO1C;MYPOP;MZF1;NACC1;NACC2;NCK2;NCOR2;NFATC1;NFATC2;NFE2;NFE2L1;NFIC;NFIX;NFKB2;NFKBIA;NLRC5;NLRP3;NME2;NOC2L;NOD2;NOP53;NOTCH1;NOTCH2;NR1D1;NR1H2;NR4A1;OGG1;OGT;OSM;PAF1;PATZ1;PBX2;PCBP1;PCBP4;PCGF1;PCGF2;PCGF3;PDE2A;PELP1;PER1;PFKM;PHB2;PHF1;PHF12;PHF19;PHF2;PHF8;PIAS3;PIAS4;PIN1;PKD1;PKM;PKN1;PLAGL2;PLK1;PLK3;POU2AF1;POU6F1;PPARD;PPARGC1B;PPP1R13L;PPP3R1;PPRC1;PRDM11;PRDM15;PRDM16;PRKD2;PRPF6;PSMC3;PTCH1;PTOV1;RAI1;RALY;RARA;RARG;RBM14;RELA;REPIN1;RFX1;RFX5;RGCC;RNF220;RNF4;RNF40;RORC;RREB1;RRP1;RUNX3;RUVBL1;RUVBL2;RXRA;RXRB;SALL2;SATB1;SBNO2;SCAP;SEMA4D;SETD3;SGF29;SIN3B;SIRT7;SIX5;SKI;SKIDA1;SKOR1;SLC2A4RG;SLC9A1;SMAD3;SMARCA4;SMARCB1;SMARCC2;SMARCD1;SMARCD2;SMARCD3;SNAI1;SOX12;SOX13;SP1;SP2;SPAG8;SPDEF;SPI1;SRC;SRCAP;SREBF1;SREBF2;SRF;SS18L1;SSBP3;SSBP4;STAT2;STAT5A;STAT6;STING1;SUPT4H1;SUPT5H;SUV39H1;TADA2B;TADA3;TAF4;TAF6;TAF6L;TBX21;TBX6;TCF20;TCF3;TCF7;TEF;TFAP4;TFCP2L1;TFDP1;TFE3;TFEB;TGFB1;TGFB3;THAP11;THAP7;THRA;TLE5;TMPRSS6;TNF;TNFRSF1A;TNIP1;TP73;TRIB1;TRIB3;TRO;TRRAP;TSC22D4;USF1;USF2;USP2;USP22;VDR;VEGFA;VENTX;VPS72;WAS;WBP2;WDR5;WFS1;WIZ;WNT7A;ZBED2;ZBED6;ZBTB12;ZBTB14;ZBTB17;ZBTB22;ZBTB24;ZBTB3;ZBTB32;ZBTB34;ZBTB39;ZBTB4;ZBTB42;ZBTB45;ZBTB47;ZBTB48;ZBTB7B;ZBTB9;ZC3H12A;ZFP36;ZFP41;ZFP62;ZFP69;ZFP92;ZFPM1;ZGPAT;ZHX2;ZIK1;ZKSCAN3;ZKSCAN8;ZMIZ1;ZMIZ2;ZNF12;ZNF134;ZNF135;ZNF136;ZNF142;ZNF154;ZNF17;ZNF18;ZNF202;ZNF211;ZNF213;ZNF219;ZNF225;ZNF229;ZNF232;ZNF236;ZNF250;ZNF256;ZNF263;ZNF264;ZNF266;ZNF275;ZNF276;ZNF296;ZNF3;ZNF304;ZNF316;ZNF317;ZNF319;ZNF320;ZNF333;ZNF34;ZNF343;ZNF362;ZNF384;ZNF408;ZNF416;ZNF417;ZNF418;ZNF436;ZNF443;ZNF444;ZNF445;ZNF446;ZNF467;ZNF468;ZNF469;ZNF473;ZNF48;ZNF484;ZNF496;ZNF514;ZNF527;ZNF530;ZNF543;ZNF548;ZNF549;ZNF550;ZNF551;ZNF554;ZNF558;ZNF57;ZNF572;ZNF574;ZNF579;ZNF580;ZNF585B;ZNF586;ZNF587;ZNF589;ZNF597;ZNF599;ZNF618;ZNF619;ZNF623;ZNF629;ZNF641;ZNF653;ZNF662;ZNF668;ZNF671;ZNF672;ZNF689;ZNF691;ZNF692;ZNF7;ZNF70;ZNF707;ZNF710;ZNF717;ZNF74;ZNF740;ZNF746;ZNF749;ZNF76;ZNF761;ZNF768;ZNF772;ZNF776;ZNF784;ZNF787;ZNF79;ZNF792;ZNF799;ZNF805;ZNF835;ZNF841;ZNF853;ZNF865;ZNF875;ZSCAN18;ZSCAN2;ZSCAN20;ZSCAN22;ZSCAN25;ZSCAN29;ZSCAN32;ZSCAN9;ZXDB
GO_Biological_Process_2026,Regulation of DNA-templated Transcription (GO:0006355),2.48964942057164e-06,0.007388034655546342,7.23424336226517e-05,0.05366904294380472,1.7284116488631212,547,1705,n.s.,ACTB;ACTR5;AEBP1;APBB1;APBB3;ARHGEF11;ARID1A;ARID3B;ARID5A;ARRB1;ASCC2;ATF6B;ATF7;ATMIN;ATOH8;ATP2B4;BAP1;BAZ2A;BCL3;BCL7B;BCOR;BCORL1;BHLHE40;BICRA;BMAL1;BRD1;BRD2;BRD3;BRD4;BRD9;BRF2;BRMS1;BRPF1;BRPF3;CALCOCO1;CALR;CAMKK2;CAMTA2;CAND2;CARM1;CASZ1;CBFA2T3;CBX2;CBX4;CBX6;CBX7;CBX8;CC2D1A;CC2D1B;CCAR2;CEBPA;CEBPB;CELSR2;CHD3;CIC;CIPC;CITED2;COL1A1;CRABP2;CRAMP1;CREB3;CREB3L2;CREBBP;CRY2;CSRNP1;CSRNP2;CTBP1;CTBP2;CTDSP1;CXXC1;DAB2IP;DAPK3;DAXX;DBP;DEAF1;DEDD2;DGKQ;DMAP1;DNM2;DNMT3A;DPF2;DTX3L;DVL1;DVL2;DVL3;DYRK1B;E2F1;E2F2;E2F4;E4F1;EBF4;EGR1;EGR2;EGR3;EGR4;EHMT1;ELF4;ELK1;ELK4;ENG;EP300;EP400;EPOP;ERCC2;ERF;ERFL;ESRRA;ETS2;FBXL19;FOSB;FOSL2;FOXJ1;FOXJ2;FOXK1;FOXM1;FOXO3B;FOXO4;FOXO6;FOXP3;FOXP4;FSTL3;FZD1;FZD7;GAS6;GATAD2A;GFI1;GLI4;GLIS1;GPATCH3;GPS2;GZF1;HAS3;HCFC1;HCLS1;HDAC1;HDAC10;HDAC4;HDAC5;HDAC6;HEXIM2;HIC1;HINFP;HMGA1;HMOX1;HNRNPAB;HNRNPL;HOMEZ;HSF1;HSF4;HSPA8;IKBKB;ILF3;ILK;INO80E;INPP5K;IRF2BP1;IRF5;IRF7;IRF8;JADE2;JMJD6;JUN;JUNB;KAT2A;KAT5;KAT8;KCNH2;KCTD15;KDM5C;KDM8;KLF10;KLF13;KLF15;KLF16;KLF2;KLF4;KLF8;KMT2B;KMT2D;L3MBTL1;L3MBTL2;LBH;LBHD1;LDB1;LIMD1;LIN37;LOXL2;LOXL3;LRP5;MAFB;MAFF;MAFK;MAML1;MAP2K2;MAP2K3;MAP2K7;MAP3K10;MAZ;MBD1;MBD3;MCRS1;MED12;MED16;MED20;MED24;MED26;MEN1;MIDEAS;MLF2;MLLT1;MLLT11;MLLT6;MLX;MLXIP;MLXIPL;MNT;MSC;MTA1;MTA2;MXD3;MXD4;MYBBP1A;MYC;MYCL;MYPOP;MYRF;MZF1;NAB2;NACC1;NACC2;NCOR2;NFATC1;NFATC2;NFE2;NFE2L1;NFIC;NFIX;NFKB2;NFRKB;NIBAN2;NME2;NONO;NOTCH1;NR1D1;NR1H2;NR4A1;NUP85;OGG1;OGT;PATZ1;PBXIP1;PCBP4;PCGF1;PCGF2;PCGF3;PER1;PHB2;PHC1;PHC2;PHF12;PHF2;PHF8;PIAS4;PIM2;PITHD1;PKN1;PLAGL2;PML;POLR2A;POU6F1;PPARD;PPARGC1B;PPM1F;PPP1R13L;PQBP1;PRDM11;PRDM15;PRDM16;PRDM8;PRMT1;PRMT5;PRR7;PSRC1;QARS1;QRICH1;RAI1;RARA;RBM15B;RELA;REPIN1;RFX1;RFX5;RHOG;RING1;RIOX1;RNF187;RNF4;RNF40;RORC;RREB1;RRP1;RUNX3;RUVBL1;RUVBL2;RXRA;RXRB;SALL2;SATB1;SBNO2;SCAP;SEC14L2;SERTAD3;SETD3;SF3B3;SGF29;SHC1;SIRT7;SIX5;SKIDA1;SKOR1;SLC2A4RG;SMAD3;SMARCA4;SMARCB1;SMARCC2;SMARCD1;SMARCD2;SMARCD3;SNAI1;SOX13;SP1;SP2;SPDEF;SPI1;SPINDOC;SRCAP;SREBF1;SREBF2;SRRT;SS18L1;STAT2;STAT5A;STAT6;SUPT4H1;SUPT7L;SUV39H1;TADA2B;TADA3;TAF1C;TAF4;TAF6;TAF6L;TBX21;TBX6;TCEA2;TCF3;TCF7;TEF;TFAP4;TFCP2L1;TFDP1;TFE3;TFEB;TFPT;TGFB1;TGFB3;TGFBRAP1;THAP11;THAP7;THRA;TIMELESS;TLE5;TMPRSS6;TNF;TNIP1;TP53INP1;TP53INP2;TP73;TRIB3;TRIM28;TRRAP;TSC22D4;USF1;USF2;USP22;VDR;VEGFA;VENTX;VPS72;WBP2;WDR5;WIZ;WNT1;WNT11;WNT4;WNT7A;ZBED6;ZBTB14;ZBTB22;ZBTB24;ZBTB3;ZBTB4;ZBTB42;ZBTB47;ZBTB48;ZBTB7B;ZBTB9;ZFAT;ZFP41;ZFP62;ZFP69;ZFP92;ZFPL1;ZFTA;ZGPAT;ZHX2;ZIK1;ZKSCAN3;ZKSCAN8;ZMIZ1;ZMIZ2;ZNF12;ZNF135;ZNF136;ZNF142;ZNF154;ZNF17;ZNF18;ZNF202;ZNF211;ZNF213;ZNF219;ZNF221;ZNF225;ZNF229;ZNF232;ZNF236;ZNF250;ZNF256;ZNF263;ZNF264;ZNF266;ZNF275;ZNF276;ZNF282;ZNF296;ZNF3;ZNF304;ZNF316;ZNF317;ZNF318;ZNF319;ZNF320;ZNF333;ZNF335;ZNF34;ZNF341;ZNF343;ZNF362;ZNF384;ZNF408;ZNF416;ZNF417;ZNF418;ZNF436;ZNF443;ZNF444;ZNF445;ZNF446;ZNF460;ZNF467;ZNF468;ZNF48;ZNF484;ZNF496;ZNF513;ZNF514;ZNF516;ZNF527;ZNF530;ZNF543;ZNF548;ZNF549;ZNF550;ZNF551;ZNF554;ZNF558;ZNF57;ZNF574;ZNF579;ZNF580;ZNF585B;ZNF586;ZNF587;ZNF597;ZNF599;ZNF618;ZNF619;ZNF623;ZNF628;ZNF629;ZNF641;ZNF646;ZNF653;ZNF662;ZNF664;ZNF668;ZNF671;ZNF672;ZNF682;ZNF689;ZNF691;ZNF692;ZNF7;ZNF70;ZNF703;ZNF707;ZNF710;ZNF74;ZNF740;ZNF746;ZNF749;ZNF76;ZNF761;ZNF768;ZNF772;ZNF776;ZNF783;ZNF784;ZNF787;ZNF79;ZNF792;ZNF799;ZNF805;ZNF835;ZNF853;ZNF865;ZNF875;ZSCAN18;ZSCAN2;ZSCAN20;ZSCAN22;ZSCAN25;ZSCAN29;ZSCAN32;ZSCAN9;ZXDB
GO_Cellular_Component_2026,Nucleus (GO:0005634),7.45988900004768e-05,0.03804543390024317,0.272225453338742,1.0,1.5124882917691138,1244,4364,n.s.,AAAS;AARS1;ABHD14B;ACAD9;ACADS;ACIN1;ACTB;ACTN4;ACTR5;ADAM19;ADAP1;ADAR;AEN;AGAP2;AGAP3;AGBL5;AGER;AGO1;AGO2;AHDC1;AHNAK;AHNAK2;AIFM2;AIFM3;AKAP8;AKAP8L;AKT1;AKT2;ALAD;ALDOA;ALKBH5;ALKBH6;ALYREF;AMDHD2;ANGEL1;ANKLE1;ANKRD11;ANKRD42;ANXA11;ANXA6;AP5Z1;APBB1;APBB3;APEX2;APOBEC3C;APOBEC3D;APOBEC3F;APOBEC3G;ARHGEF5;ARID1A;ARID3B;ARID5A;ARK2C;ARMC12;ARMC5;ARRB1;ARRB2;ARVCF;ASCC2;ASPSCR1;ATF6B;ATF7;ATMIN;ATN1;ATOH8;ATOSB;ATRIP;ATXN1L;AURKB;AURKC;AXIN1;AXIN2;BAG3;BAG6;BAP1;BAX;BAZ2A;BCL3;BCL9L;BCOR;BCORL1;BHLHA15;BHLHE40;BICRA;BIN1;BMAL1;BOK;BRAT1;BRD1;BRD2;BRD3;BRD4;BRD9;BRF1;BRF2;BRMS1;BRPF1;BRPF3;BSN;BTG2;BUD23;C11ORF98;C19ORF47;C20ORF204;CABIN1;CACTIN;CAD;CALCOCO1;CALM3;CALR;CAMTA2;CAND2;CARD19;CARM1;CASC3;CASP2;CASZ1;CBFA2T3;CBX2;CBX4;CBX6;CBX7;CBX8;CC2D1A;CC2D1B;CCAR2;CCDC86;CCIN;CCNDBP1;CCNF;CCNL2;CCNQ;CD2BP2;CD74;CDAN1;CDC25A;CDC25B;CDC34;CDC45;CDIP1;CDK10;CDK16;CDK18;CDK2;CDK20;CDK2AP2;CDK5RAP3;CDK9;CDKN1A;CDYL2;CEBPA;CEBPB;CEMP1;CENPB;CENPT;CFL1;CHAF1A;CHD3;CHFR;CHID1;CHMP4B;CHTF18;CHTF8;CIB1;CIC;CIMIP2A;CIPC;CIRBP;CITED2;CIZ1;CLIC1;CLK2;CLK3;CMTR1;CNPPD1;COMMD5;COPS7A;CORO1A;CPNE1;CPNE7;CPSF1;CPSF7;CRABP2;CRAMP1;CREB3;CREB3L2;CREBBP;CRTC1;CRTC2;CRY2;CS;CSNK1D;CSNK1G2;CSRNP1;CSRNP2;CSRP1;CTBP1;CTBP2;CTC1;CTDP1;CTDSP1;CXXC1;CXXC5;CYGB;DAPK3;DAXX;DAZAP1;DAZAP2;DBP;DCAF8;DCLRE1B;DCPS;DCUN1D3;DDB1;DDX11;DDX23;DDX39A;DDX39B;DDX41;DDX47;DDX51;DDX54;DDX56;DEAF1;DEF6;DGCR8;DGKQ;DGKZ;DHCR24;DHX16;DHX30;DHX38;DHX8;DLST;DMAP1;DMWD;DNAJA3;DNAJB1;DNAJB2;DNASE1L1;DNASE1L2;DNMT1;DNMT3A;DNMT3B;DNPEP;DOK1;DOT1L;DPF2;DRG2;DTX3;DTX3L;DUS1L;DUSP1;DUSP10;DUSP2;DUSP3;DUSP4;DVL2;DXO;DYNLL2;DYNLT4;DYRK1B;E2F1;E2F4;E4F1;EBF4;EDC4;EEF1A2;EEF1D;EEF1G;EEF2;EEIG1;EFTUD2;EGLN1;EGLN2;EGR1;EGR2;EGR3;EGR4;EHD3;EHMT1;EHMT2;EIF1AD;EIF2B5;EIF3G;EIF4A1;EIF4A3;EIF4G1;EIF4H;EIF5A;ELAC2;ELAVL1;ELF4;ELK1;ELK4;ELOF1;EML3;EP300;EPOP;ERBB2;ERCC2;ERCC3;ERF;ERFL;ESPL1;ESRP2;ESRRA;ESS2;ETS2;EWSR1;EXOSC2;F8A1;FAAP100;FAM110A;FAM193B;FAM50A;FAM50B;FAM53A;FAM53B;FAM53C;FANCA;FANCE;FASLG;FBXO24;FBXO44;FEM1B;FHOD1;FIGNL2;FIZ1;FLCN;FLII;FLNA;FOSB;FOSL2;FOXJ1;FOXJ2;FOXK1;FOXM1;FOXO3B;FOXO4;FOXO6;FOXP3;FOXP4;FRAT1;FSTL3;FTSJ1;FXR2;FZR1;GATAD2A;GCDH;GFI1;GLI4;GLIS1;GLMP;GLUL;GMEB2;GNB1L;GPATCH3;GPKOW;GPRASP1;GPRASP2;GPS1;GPS2;GRWD1;GSK3A;GSN;GTF2E1;GTF2F1;GTF2H4;GTF3C1;GTF3C5;GTPBP3;GZF1;H1-0;H1-10;H2AC11;H2AC12;H2AC21;H2AC4;H2AC6;H2AC7;H2AX;H2BC10;H2BC12;H2BC17;H2BC18;H2BC21;H2BC26;H2BC3;H2BC5;H2BC9;H3-7;HAPSTR1;HASPIN;HCFC1;HCLS1;HDAC1;HDAC10;HDAC11;HDAC4;HDAC5;HDAC6;HDAC7;HDGFL2;HES4;HEXIM2;HFM1;HIC1;HIF1AN;HINFP;HIRIP3;HMG20B;HMGA1;HMOX1;HNRNPA1;HNRNPAB;HNRNPL;HNRNPUL1;HOMEZ;HSF1;HSF4;HSPA1A;HSPA1B;HSPA6;HSPA8;HTRA2;HTT;HUWE1;HYPK;IDH3B;IFRD2;IGHMBP2;IKBKE;IKBKG;ILF3;ILK;IMPDH1;INCA1;INCENP;INPP4A;INPP5E;INPP5K;INPPL1;INTS1;INTS11;INTS15;INTS3;INTS5;IPPK;IQCN;IRAK1;IRF2BP1;IRF2BPL;IRF5;IRF7;IRF8;IRS1;ISG20;ITPKB;IZUMO4;JADE2;JMJD4;JMJD6;JMJD7;JMJD8;JRK;JUN;JUNB;JUP;KAT2A;KAT5;KAT8;KATNB1;KDM4B;KDM5C;KDM6B;KDM8;KHNYN;KHSRP;KIF20A;KIF22;KIFC1;KLF10;KLF13;KLF15;KLF16;KLF2;KLF4;KLF8;KMT2B;KMT2D;KMT5C;KRT73;L3MBTL1;L3MBTL2;LAMA5;LAS1L;LBH;LBHD1;LDB1;LDOC1;LENG8;LGALS9;LGALS9C;LHPP;LIG1;LIG3;LIMD1;LIMK1;LIMK2;LIN37;LMNA;LOXL2;LOXL3;LPIN1;LPIN3;LPXN;LRWD1;MACROD1;MACROH2A1;MAD1L1;MAD2L1BP;MAEA;MAF1;MAFB;MAFF;MAFK;MAGED2;MAGEE1;MAML1;MAP1S;MAP2K2;MAP2K7;MAPK11;MAPK12;MAPK13;MAPK3;MAPK7;MAPKAPK2;MAPKAPK3;MAPKAPK5;MAT2A;MAU2;MAZ;MBD1;MBD3;MBD6;MCL1;MCM2;MCM3AP;MCM5;MCM7;MCRS1;MDC1;MED12;MED15;MED16;MED20;MED22;MED24;MED25;MED26;MEF2D;MEGF8;MEN1;MEPCE;METTL22;METTL3;MEX3D;MGRN1;MICAL2;MICAL3;MID1IP1;MIER2;MKNK1;MKNK2;MKRN2;MLF2;MLLT6;MLX;MLXIP;MLXIPL;MMP14;MN1;MNT;MOB2;MOB3A;MOB3C;MORC2;MOV10;MPO;MRNIP;MSC;MSH5;MSN;MTA1;MTA2;MTOR;MUS81;MUTYH;MVP;MXD3;MXD4;MYBBP1A;MYC;MYCL;MYD88;MYH9;MYO18A;MYPOP;MYRF;MZF1;NAA40;NAB2;NACC1;NACC2;NAIF1;NANOS3;NAT10;NCAPD2;NCAPH2;NCDN;NCOR2;NDRG1;NECAB3;NEIL1;NEK6;NELFA;NELFB;NELFE;NF2;NFATC1;NFATC2;NFE2;NFE2L1;NFIC;NFIX;NFKB2;NFKBIA;NFKBID;NFKBIL1;NFRKB;NFS1;NGRN;NHERF1;NHERF2;NHLRC1;NIBAN2;NLRC5;NLRP3;NME2;NOC2L;NONO;NOP2;NOS3;NOSIP;NOTCH1;NOTCH2;NPEPL1;NPLOC4;NR1D1;NR1H2;NR4A1;NSFL1C;NSMF;NUMA1;NXF1;NYNRIN;OAS1;OAZ2;ODF2;OGDH;OGG1;OGT;ORC6;OTUD5;P3H1;PABIR2;PABPC1L;PADI2;PAF1;PANK4;PARP10;PARP12;PASK;PATZ1;PBX2;PBXIP1;PCBP1;PCBP4;PCGF1;PCGF2;PCGF3;PCIF1;PDCD6;PDE2A;PDGFRB;PDHA1;PDXK;PDZD7;PELP1;PER1;PEX19;PFKM;PFKP;PGAM2;PGD;PHB2;PHC1;PHC2;PHF1;PHF12;PHF19;PHF2;PHF23;PHF8;PHLDA1;PIAS4;PIDD1;PIH1D1;PIM1;PIN1;PIP4K2B;PITHD1;PKD1;PKM;PKMYT1;PKN1;PKN3;PLAGL2;PLD4;PLK1;PLK3;PML;PNKP;POGK;POLD1;POLD2;POLDIP2;POLE;POLL;POLM;POLR1A;POLR2A;POLR2C;POLR2E;POLR2F;POLR2H;POLR3E;POLR3H;PPARD;PPARGC1B;PPIL2;PPM1F;PPM1M;PPP1CA;PPP1R10;PPP1R13L;PPP1R16B;PPP2R1A;PPP2R1B;PPP2R5B;PPP2R5D;PPP4C;PPP5C;PPP6R1;PPRC1;PPT1;PQBP1;PRDM11;PRDM15;PRDM16;PRDM8;PREB;PRKAB1;PRKACA;PRKCD;PRKD2;PRMT1;PRMT5;PRPF19;PRPF31;PRPF6;PRPF8;PRR7;PRX;PSMB10;PSMB4;PSMB8;PSMC3;PSMC4;PSMD11;PSMD2;PSMD3;PSMD8;PSME3;PTBP1;PTK2B;PTK6;PTP4A1;PTP4A3;PTPA;PTPN18;PTPN23;PTPN6;PTPRE;PUS1;PWWP2B;QRICH1;RABL6;RACGAP1;RAD54L;RAD9A;RAI1;RALY;RAMAC;RANBP3;RANGAP1;RARA;RARG;RASSF2;RASSF5;RBM10;RBM14;RBM15B;RBM38;RBM4;RBM42;REC8;RECQL4;RECQL5;REEP6;RELA;REPIN1;REXO1;RFX1;RFX5;RGCC;RGS14;RGS3;RHOB;RING1;RIOX1;RIPK3;RNF126;RNF187;RNF220;RNF25;RNF4;RNF40;RNH1;RORC;RPA1;RPAIN;RPP21;RRAGA;RREB1;RRM2;RRP1;RTEL1;RUNX3;RUVBL1;RUVBL2;RXRA;RXRB;S100A13;SALL2;SART1;SART3;SASH3;SATB1;SBNO2;SDE2;SDR39U1;SEC14L2;SENP3;SEPTIN4;SERTAD3;SETD1A;SETD1B;SETDB1;SF1;SF3A1;SF3A2;SF3B3;SF3B4;SGK1;SGTA;SH3BP1;SHFL;SHMT2;SIK1;SIN3B;SIRT3;SIRT7;SIX5;SKI;SKOR1;SLC2A4RG;SMAD3;SMARCA4;SMARCB1;SMARCD1;SMARCD2;SMARCD3;SMG5;SMOX;SNAI1;SNAPC4;SND1;SNRNP200;SNRNP70;SORBS3;SOX12;SOX13;SP1;SP2;SPAG8;SPDEF;SPEG;SPI1;SPINDOC;SPRYD4;SPSB3;SRCAP;SREBF1;SREBF2;SRF;SRRD;SRRM2;SS18L1;SSBP3;SSBP4;STARD9;STAT2;STAT5A;STAT6;STK11;STK35;STK36;STPG4;STRADA;STRIP1;STUB1;STX1B;SUPT4H1;SUPT5H;SUPT7L;SUV39H1;SYMPK;SYNPO;TADA2B;TADA3;TAF4;TAF6;TAF6L;TAF8;TARBP2;TBX21;TBX6;TCEA2;TCF19;TCF20;TCF3;TCF7;TECR;TEF;TELO2;TENT5C;TESK1;TESK2;TEX264;TFAP4;TFCP2L1;TFDP1;TFE3;TFEB;TFPT;TGFB1;TGM2;THAP7;THEMIS2;THOC5;THOC6;THRA;THYN1;TIGD3;TIMELESS;TJP3;TKFC;TLE3;TLE5;TMEM115;TMEM250;TNFAIP3;TNK2;TNPO2;TNRC18;TOP3A;TOP3B;TP53INP1;TP53INP2;TP73;TPPP;TRAF4;TRAF7;TRAIP;TRAPPC12;TRIB1;TRIB2;TRIB3;TRIM26;TRIM28;TRIM32;TRIM35;TRIM39;TRIM66;TRIM68;TRIM8;TRMT1;TRMT61A;TRO;TRRAP;TSC2;TSC22D4;TSPYL1;TSPYL2;TSPYL4;TSPYL5;TSSC4;TTI1;TUBB;TUBB3;TUBB4A;TUBB4B;TUBG1;TUBG2;TYK2;U2AF2;UBA1;UBAP2L;UBC;UBE2C;UBE2J2;UBE2O;UBIAD1;UBOX5;UBQLN4;UPF1;USB1;USF1;USF2;USP22;USP31;USP35;USP39;USP5;UVSSA;VCP;VDR;VENTX;VPS26C;VPS72;VRK3;WAS;WBP2;WDR18;WDR20;WDR4;WDR5;WDR62;WDR74;WDR77;WIZ;XAB2;XPO6;XRCC1;XRCC3;YY1AP1;ZBED2;ZBED6;ZBP1;ZBTB14;ZBTB22;ZBTB3;ZBTB32;ZBTB4;ZBTB42;ZBTB47;ZBTB48;ZBTB7B;ZBTB9;ZC3H10;ZC3H12A;ZC3H12D;ZC3H3;ZCWPW2;ZFAT;ZFP36;ZFP36L1;ZFP41;ZFP62;ZFP69;ZFP92;ZFPL1;ZFPM1;ZFTA;ZGPAT;ZHX2;ZIK1;ZKSCAN3;ZKSCAN8;ZMIZ1;ZMIZ2;ZMYM3;ZNF12;ZNF135;ZNF136;ZNF142;ZNF154;ZNF17;ZNF18;ZNF202;ZNF211;ZNF213;ZNF219;ZNF221;ZNF225;ZNF229;ZNF232;ZNF236;ZNF250;ZNF256;ZNF263;ZNF264;ZNF266;ZNF275;ZNF276;ZNF282;ZNF296;ZNF3;ZNF304;ZNF316;ZNF317;ZNF319;ZNF320;ZNF333;ZNF335;ZNF34;ZNF341;ZNF343;ZNF346;ZNF362;ZNF384;ZNF385A;ZNF408;ZNF416;ZNF417;ZNF418;ZNF436;ZNF443;ZNF444;ZNF445;ZNF446;ZNF460;ZNF467;ZNF468;ZNF473;ZNF48;ZNF484;ZNF496;ZNF513;ZNF514;ZNF516;ZNF527;ZNF530;ZNF543;ZNF548;ZNF549;ZNF550;ZNF551;ZNF554;ZNF558;ZNF57;ZNF572;ZNF574;ZNF580;ZNF585B;ZNF586;ZNF587;ZNF589;ZNF597;ZNF599;ZNF619;ZNF623;ZNF628;ZNF629;ZNF641;ZNF646;ZNF653;ZNF662;ZNF664;ZNF668;ZNF671;ZNF672;ZNF682;ZNF689;ZNF692;ZNF7;ZNF70;ZNF703;ZNF707;ZNF710;ZNF717;ZNF74;ZNF746;ZNF749;ZNF76;ZNF761;ZNF768;ZNF772;ZNF776;ZNF783;ZNF784;ZNF787;ZNF79;ZNF792;ZNF799;ZNF805;ZNF841;ZNF853;ZNF865;ZNF875;ZPR1;ZSCAN18;ZSCAN2;ZSCAN20;ZSCAN22;ZSCAN25;ZSCAN29;ZSCAN32;ZSCAN9;ZXDB;ZYX
GO_Cellular_Component_2026,Intracellular Membrane-Bounded Organelle (GO:0043231),0.0001558527333751,0.0397424470106505,0.383954430065371,1.0,1.5004431510586624,1274,4497,n.s.,AAAS;AARS1;ABCA2;ABCA7;ABHD14B;ACAD9;ACADS;ACIN1;ACTB;ACTN4;ACTR5;ADAM19;ADAP1;ADAR;AEN;AGAP2;AGAP3;AGBL5;AGER;AGO1;AGO2;AHDC1;AHNAK;AHNAK2;AIFM2;AIFM3;AKAP8;AKAP8L;AKT1;AKT2;ALAD;ALDOA;ALKBH5;ALKBH6;ALYREF;AMDHD2;ANGEL1;ANKLE1;ANKRD11;ANKRD42;ANXA11;ANXA6;AP5Z1;APBB1;APBB3;APEX2;APOBEC3C;APOBEC3D;APOBEC3F;APOBEC3G;ARHGEF5;ARID1A;ARID3B;ARID5A;ARK2C;ARMC12;ARMC5;ARRB1;ARRB2;ARVCF;ASCC2;ASPSCR1;ATF6B;ATF7;ATMIN;ATN1;ATOH8;ATOSB;ATP2B4;ATRIP;ATXN1L;AURKB;AURKC;AXIN1;AXIN2;BAG3;BAG6;BAP1;BAX;BAZ2A;BCL3;BCL9;BCL9L;BCOR;BCORL1;BHLHA15;BHLHE40;BICRA;BIN1;BMAL1;BOK;BRAT1;BRD1;BRD2;BRD3;BRD4;BRD9;BRF1;BRF2;BRMS1;BRPF1;BRPF3;BSN;BTG2;BUD23;C11ORF98;C19ORF47;C20ORF204;CABIN1;CACTIN;CAD;CALCOCO1;CALM3;CALR;CAMTA2;CAND2;CARD19;CARM1;CASC3;CASP2;CASZ1;CBFA2T3;CBX2;CBX4;CBX6;CBX7;CBX8;CC2D1A;CC2D1B;CCAR2;CCDC86;CCIN;CCNDBP1;CCNF;CCNL2;CCNQ;CD2BP2;CD74;CDAN1;CDC25A;CDC25B;CDC34;CDC45;CDIP1;CDK10;CDK16;CDK18;CDK2;CDK20;CDK2AP2;CDK5RAP3;CDK9;CDKN1A;CDYL2;CEBPA;CEBPB;CEMP1;CENPB;CENPT;CFL1;CHAF1A;CHD3;CHFR;CHID1;CHMP4B;CHTF18;CHTF8;CIB1;CIC;CIMIP2A;CIPC;CIRBP;CITED2;CIZ1;CLIC1;CLK2;CLK3;CMTR1;CNPPD1;COMMD5;COPS7A;CORO1A;CPNE1;CPNE7;CPSF1;CPSF7;CRABP2;CRAMP1;CREB3;CREB3L2;CREBBP;CRTC1;CRTC2;CRY2;CS;CSNK1D;CSNK1G2;CSRNP1;CSRNP2;CSRP1;CTBP1;CTBP2;CTC1;CTDP1;CTDSP1;CXXC1;CXXC5;CYGB;CYP2D6;CYP2D7;CYP2S1;DAPK3;DAXX;DAZAP1;DAZAP2;DBP;DCAF8;DCLRE1B;DCPS;DCUN1D3;DDB1;DDOST;DDX11;DDX23;DDX39A;DDX39B;DDX41;DDX47;DDX51;DDX54;DDX56;DEAF1;DEF6;DENND1C;DGCR8;DGKQ;DGKZ;DHCR24;DHX16;DHX30;DHX38;DHX8;DLST;DMAP1;DMWD;DNAJA3;DNAJB1;DNAJB2;DNAJC5;DNASE1L1;DNASE1L2;DNMT1;DNMT3A;DNMT3B;DNPEP;DOK1;DOT1L;DPAGT1;DPF2;DRG2;DTX3;DTX3L;DUS1L;DUSP1;DUSP10;DUSP2;DUSP3;DUSP4;DVL2;DXO;DYNLL2;DYNLT4;DYRK1B;E2F1;E2F4;E4F1;EBF4;EDC4;EEF1A2;EEF1D;EEF1G;EEF2;EEIG1;EFTUD2;EGLN1;EGLN2;EGR1;EGR2;EGR3;EGR4;EHD3;EHMT1;EHMT2;EIF1AD;EIF2B5;EIF3G;EIF4A1;EIF4A3;EIF4G1;EIF4H;EIF5A;ELAC2;ELAVL1;ELF4;ELK1;ELK4;ELOF1;EML3;EP300;EPHX3;EPOP;ERBB2;ERCC2;ERCC3;ERF;ERFL;ESPL1;ESRP2;ESRRA;ESS2;ETS2;EWSR1;EXOSC2;F8A1;FAAP100;FAM110A;FAM193B;FAM50A;FAM50B;FAM53A;FAM53B;FAM53C;FANCA;FANCE;FASLG;FBXO24;FBXO44;FEM1B;FHOD1;FIGNL2;FIZ1;FLCN;FLII;FLNA;FOSB;FOSL2;FOXJ1;FOXJ2;FOXK1;FOXM1;FOXO3B;FOXO4;FOXO6;FOXP3;FOXP4;FRAT1;FSTL3;FTSJ1;FXR2;FZR1;GAK;GANAB;GATAD2A;GCDH;GFI1;GLI4;GLIS1;GLMP;GLUL;GMEB2;GNB1L;GORASP1;GPATCH3;GPKOW;GPRASP1;GPRASP2;GPS1;GPS2;GRWD1;GSK3A;GSN;GTF2E1;GTF2F1;GTF2H4;GTF3C1;GTF3C5;GTPBP3;GZF1;H1-0;H1-10;H2AC11;H2AC12;H2AC21;H2AC4;H2AC6;H2AC7;H2AX;H2BC10;H2BC12;H2BC17;H2BC18;H2BC21;H2BC26;H2BC3;H2BC5;H2BC9;H3-7;HAPSTR1;HASPIN;HCFC1;HCLS1;HDAC1;HDAC10;HDAC11;HDAC4;HDAC5;HDAC6;HDAC7;HDGFL2;HES4;HEXIM2;HFM1;HIC1;HIF1AN;HINFP;HIRIP3;HMG20B;HMGA1;HMOX1;HNRNPA1;HNRNPAB;HNRNPL;HNRNPUL1;HOMEZ;HSF1;HSF4;HSPA1A;HSPA1B;HSPA6;HSPA8;HTRA2;HTT;HUWE1;HYPK;IDH3B;IFRD2;IGHMBP2;IKBKE;IKBKG;ILF3;ILK;IMPDH1;INCA1;INCENP;INPP4A;INPP5E;INPP5K;INPPL1;INTS1;INTS11;INTS15;INTS3;INTS5;IPPK;IQCN;IRAK1;IRF2BP1;IRF2BPL;IRF5;IRF7;IRF8;IRS1;ISG20;ITPKB;ITPR1;IZUMO4;JADE2;JMJD4;JMJD6;JMJD7;JMJD8;JRK;JUN;JUNB;JUP;KAT2A;KAT5;KAT8;KATNB1;KDM4B;KDM5C;KDM6B;KDM8;KHNYN;KHSRP;KIF20A;KIF22;KIFC1;KLF10;KLF13;KLF15;KLF16;KLF2;KLF4;KLF8;KMT2B;KMT2D;KMT5C;KRT73;L3MBTL1;L3MBTL2;LAMA5;LAS1L;LBH;LBHD1;LDB1;LDOC1;LENG8;LGALS9;LGALS9C;LHPP;LIG1;LIG3;LIMD1;LIMK1;LIMK2;LIN37;LMNA;LOXL2;LOXL3;LPIN1;LPIN3;LPXN;LRPAP1;LRWD1;LTC4S;MACROD1;MACROH2A1;MAD1L1;MAD2L1BP;MAEA;MAF1;MAFB;MAFF;MAFK;MAGED2;MAGEE1;MAML1;MAP1S;MAP2K2;MAP2K7;MAPK11;MAPK12;MAPK13;MAPK3;MAPK7;MAPKAPK2;MAPKAPK3;MAPKAPK5;MAT2A;MAU2;MAZ;MBD1;MBD3;MBD6;MCL1;MCM2;MCM3AP;MCM5;MCM7;MCOLN1;MCRS1;MDC1;MED12;MED15;MED16;MED20;MED22;MED24;MED25;MED26;MEF2D;MEGF8;MEN1;MEPCE;METTL22;METTL3;MEX3D;MGRN1;MICAL2;MICAL3;MID1IP1;MIER2;MKNK1;MKNK2;MKRN2;MLF2;MLLT6;MLX;MLXIP;MLXIPL;MMP14;MN1;MNT;MOB2;MOB3A;MOB3C;MORC2;MOV10;MPO;MRNIP;MSC;MSH5;MSN;MTA1;MTA2;MTOR;MUS81;MUTYH;MVP;MXD3;MXD4;MYBBP1A;MYC;MYCL;MYD88;MYH9;MYO18A;MYPOP;MYRF;MZF1;NAA40;NAB2;NACC1;NACC2;NAIF1;NANOS3;NAT10;NCAPD2;NCAPH2;NCDN;NCOR2;NDRG1;NECAB3;NEIL1;NEK6;NELFA;NELFB;NELFE;NF2;NFATC1;NFATC2;NFE2;NFE2L1;NFIC;NFIX;NFKB2;NFKBIA;NFKBID;NFKBIL1;NFRKB;NFS1;NGRN;NHERF1;NHERF2;NHLRC1;NIBAN2;NLRC5;NLRP3;NME2;NOC2L;NONO;NOP2;NOS3;NOSIP;NOTCH1;NOTCH2;NPEPL1;NPLOC4;NR1D1;NR1H2;NR4A1;NSFL1C;NSMF;NUMA1;NXF1;NYNRIN;OAS1;OAS2;OAS3;OAZ2;ODF2;OGDH;OGG1;OGT;ORC6;OTUD5;P3H1;PABIR2;PABPC1L;PADI2;PAF1;PANK4;PARP10;PARP12;PASK;PATZ1;PBX2;PBXIP1;PCBP1;PCBP4;PCGF1;PCGF2;PCGF3;PCIF1;PDCD6;PDE2A;PDGFRB;PDHA1;PDXK;PDZD7;PELP1;PER1;PEX19;PFKM;PFKP;PGAM2;PGD;PHB2;PHC1;PHC2;PHF1;PHF12;PHF19;PHF2;PHF23;PHF8;PHLDA1;PIAS4;PIDD1;PIH1D1;PIK3C2B;PIM1;PIN1;PIP4K2B;PITHD1;PKD1;PKM;PKMYT1;PKN1;PKN3;PLAGL2;PLCG2;PLD4;PLK1;PLK3;PML;PNKP;POGK;POLD1;POLD2;POLDIP2;POLE;POLL;POLM;POLR1A;POLR2A;POLR2C;POLR2E;POLR2F;POLR2H;POLR3E;POLR3H;POR;PPARD;PPARGC1B;PPIL2;PPM1F;PPM1M;PPP1CA;PPP1R10;PPP1R13L;PPP1R16B;PPP2R1A;PPP2R1B;PPP2R5B;PPP2R5D;PPP4C;PPP5C;PPP6R1;PPRC1;PPT1;PQBP1;PRDM11;PRDM15;PRDM16;PRDM8;PREB;PRKAB1;PRKACA;PRKCD;PRKCSH;PRKD2;PRMT1;PRMT5;PRPF19;PRPF31;PRPF6;PRPF8;PRR7;PRX;PSMB10;PSMB4;PSMB8;PSMC3;PSMC4;PSMD11;PSMD2;PSMD3;PSMD8;PSME3;PTBP1;PTK2B;PTK6;PTP4A1;PTP4A3;PTPA;PTPN18;PTPN23;PTPN6;PTPRE;PUS1;PWWP2B;QRICH1;RABL6;RACGAP1;RAD54L;RAD9A;RAI1;RALY;RAMAC;RANBP3;RANGAP1;RARA;RARG;RASSF2;RASSF5;RBM10;RBM14;RBM15B;RBM38;RBM4;RBM42;RDH16;REC8;RECQL4;RECQL5;REEP6;RELA;REPIN1;RER1;REXO1;RFX1;RFX5;RGCC;RGS14;RGS3;RHOB;RING1;RIOX1;RIPK3;RNF126;RNF187;RNF220;RNF25;RNF4;RNF40;RNH1;RORC;RPA1;RPAIN;RPP21;RRAGA;RREB1;RRM2;RRP1;RTEL1;RUNX3;RUVBL1;RUVBL2;RXRA;RXRB;S100A13;SALL2;SART1;SART3;SASH3;SATB1;SBNO2;SCYL1;SDE2;SDR39U1;SEC14L2;SENP3;SEPTIN4;SERTAD3;SETD1A;SETD1B;SETDB1;SF1;SF3A1;SF3A2;SF3B3;SF3B4;SGK1;SGTA;SH3BP1;SHFL;SHMT2;SIK1;SIN3B;SIRT3;SIRT7;SIX5;SKI;SKOR1;SLC2A4RG;SLC35B1;SLC35F6;SMAD3;SMARCA4;SMARCB1;SMARCD1;SMARCD2;SMARCD3;SMG5;SMOX;SNAI1;SNAPC4;SND1;SNRNP200;SNRNP70;SORBS3;SOX12;SOX13;SP1;SP2;SPAG8;SPDEF;SPEG;SPI1;SPINDOC;SPRYD4;SPSB3;SRCAP;SREBF1;SREBF2;SRF;SRRD;SRRM2;SS18L1;SSBP3;SSBP4;STARD9;STAT2;STAT5A;STAT6;STK11;STK35;STK36;STPG4;STRADA;STRIP1;STUB1;STX1B;SUPT4H1;SUPT5H;SUPT7L;SUV39H1;SYMPK;SYNPO;TADA2B;TADA3;TAF4;TAF6;TAF6L;TAF8;TARBP2;TBX21;TBX6;TCEA2;TCF19;TCF20;TCF3;TCF7;TECR;TEF;TELO2;TENT5C;TESK1;TESK2;TEX264;TFAP4;TFCP2L1;TFDP1;TFE3;TFEB;TFPT;TGFB1;TGM2;THAP7;THEMIS2;THOC5;THOC6;THRA;THYN1;TIGD3;TIMELESS;TJP3;TKFC;TLE3;TLE5;TMEM115;TMEM250;TNFAIP3;TNK2;TNPO2;TNRC18;TOP3A;TOP3B;TP53INP1;TP53INP2;TP73;TPPP;TRAF4;TRAF7;TRAIP;TRAPPC12;TRIB1;TRIB2;TRIB3;TRIM26;TRIM28;TRIM32;TRIM35;TRIM39;TRIM66;TRIM68;TRIM8;TRMT1;TRMT61A;TRO;TRRAP;TSC2;TSC22D4;TSPYL1;TSPYL2;TSPYL4;TSPYL5;TSSC4;TTI1;TUBB;TUBB3;TUBB4A;TUBB4B;TUBG1;TUBG2;TYK2;U2AF2;UBA1;UBAP2L;UBC;UBE2C;UBE2J2;UBE2O;UBIAD1;UBOX5;UBQLN4;UPF1;USB1;USF1;USF2;USP22;USP31;USP35;USP39;USP5;UVSSA;VCP;VDR;VENTX;VPS26C;VPS72;VRK3;WAS;WBP2;WDR18;WDR20;WDR4;WDR5;WDR62;WDR74;WDR77;WIZ;XAB2;XPO6;XRCC1;XRCC3;YY1AP1;ZBED2;ZBED6;ZBP1;ZBTB14;ZBTB22;ZBTB3;ZBTB32;ZBTB4;ZBTB42;ZBTB47;ZBTB48;ZBTB7B;ZBTB9;ZC3H10;ZC3H12A;ZC3H12D;ZC3H3;ZCWPW2;ZFAT;ZFP36;ZFP36L1;ZFP41;ZFP62;ZFP69;ZFP92;ZFPL1;ZFPM1;ZFTA;ZGPAT;ZHX2;ZIK1;ZKSCAN3;ZKSCAN8;ZMIZ1;ZMIZ2;ZMYM3;ZNF12;ZNF135;ZNF136;ZNF142;ZNF154;ZNF17;ZNF18;ZNF202;ZNF211;ZNF213;ZNF219;ZNF221;ZNF225;ZNF229;ZNF232;ZNF236;ZNF250;ZNF256;ZNF263;ZNF264;ZNF266;ZNF275;ZNF276;ZNF282;ZNF296;ZNF3;ZNF304;ZNF316;ZNF317;ZNF319;ZNF320;ZNF333;ZNF335;ZNF34;ZNF341;ZNF343;ZNF346;ZNF362;ZNF384;ZNF385A;ZNF408;ZNF416;ZNF417;ZNF418;ZNF436;ZNF443;ZNF444;ZNF445;ZNF446;ZNF460;ZNF467;ZNF468;ZNF473;ZNF48;ZNF484;ZNF496;ZNF513;ZNF514;ZNF516;ZNF527;ZNF530;ZNF543;ZNF548;ZNF549;ZNF550;ZNF551;ZNF554;ZNF558;ZNF57;ZNF572;ZNF574;ZNF580;ZNF585B;ZNF586;ZNF587;ZNF589;ZNF597;ZNF599;ZNF619;ZNF623;ZNF628;ZNF629;ZNF641;ZNF646;ZNF653;ZNF662;ZNF664;ZNF668;ZNF671;ZNF672;ZNF682;ZNF689;ZNF692;ZNF7;ZNF70;ZNF703;ZNF707;ZNF710;ZNF717;ZNF74;ZNF746;ZNF749;ZNF76;ZNF761;ZNF768;ZNF772;ZNF776;ZNF783;ZNF784;ZNF787;ZNF79;ZNF792;ZNF799;ZNF805;ZNF841;ZNF853;ZNF865;ZNF875;ZPR1;ZSCAN18;ZSCAN2;ZSCAN20;ZSCAN22;ZSCAN25;ZSCAN29;ZSCAN32;ZSCAN9;ZXDB;ZYX
GO_Biological_Process_2026,Negative Regulation of Leukocyte Degranulation (GO:0043301),3.74813402265565e-05,0.07415058474820428,1.10551723232622e-05,0.02187081591285372,inf,9,9,GC-driven,CCR2;CD300A;CD84;CEACAM1;FCGR2B;HLA-F;LGALS9;NCKAP1L;SPI1
GO_Cellular_Component_2026,Azurophil Granule (GO:0042582),0.0012768620003301,0.201827518533299,0.0002980946641177,0.015517531742891999,2.5803360462063534,57,135,GC-driven,ACLY;ADA2;ANXA11;ARHGAP45;ARL8A;ARSA;ATP6V0C;AZU1;BPI;BRI3;C3;CD68;CPNE1;CTSA;CYB5R3;DDOST;DNAJC5;DPP7;DYNC1H1;GAA;GALNS;GM2A;GNS;GRN;GUSB;HEXA;IMPDH1;LAMP1;LPCAT1;MAN2B1;MPO;NAPRT;NCSTN;NFAM1;ORM2;PADI2;PRKCD;PSAP;PTGES2;PYGB;RAB3D;RAB44;RAB5C;STK11IP;STOM;STXBP2;SURF4;SYNGR1;TOLLIP;TOM1;TUBB;TUBB4B;TXNDC5;UNC13D;VAMP1;VAT1;VCP
GO_Cellular_Component_2026,Vacuolar Lumen (GO:0005775),0.0019439217470508,0.201827518533299,3.78698503841535e-05,0.004828405923979572,2.7994285060616177,61,138,GC-driven,ACLY;ACP2;ADA2;AGRN;ARHGAP45;ARSA;ATP13A2;AZU1;BPI;C3;CD74;CHID1;CSPG4;CTSA;CTSF;CTSK;CTSV;CYB5R3;DPP7;DYNC1H1;GAA;GALNS;GBA1;GM2A;GNS;GPC1;GRN;GUSB;HEXA;HSPA8;HSPG2;IDUA;IMPDH1;MAN2B1;MAN2B2;MPO;NAGLU;NAPRT;NEU1;ORM2;PADI2;PLD3;PPT1;PRKCD;PSAP;PTGES2;PYGB;SDC3;SDC4;SGSH;SMPD1;SNRNP70;STK11IP;TOLLIP;TPP1;TUBB;TUBB4B;TXNDC5;UNC13D;VAT1;VCP
GO_Cellular_Component_2026,Specific Granule (GO:0042581),0.002318515964848,0.201827518533299,9.62980914467043e-05,0.008185337772969866,2.7066708673177673,59,136,GC-driven,ACAA1;ADAM8;ADGRG3;ALDH3B1;ANXA11;AP1M1;ATP11A;BPI;CANT1;CD93;CEACAM1;CEACAM3;CFP;CHIT1;CLEC5A;CNN2;CRACR2A;CTSZ;CYBA;CYFIP1;DGAT1;DNAJC5;DNASE1L1;DOCK2;GHDC;GPR84;GSDMD;ITGAL;ITGAM;ITGB2;JUP;KCNAB2;LAIR1;MMP25;NEU1;ORM2;ORMDL3;PDXK;PLAU;PTPN6;QSOX1;RAB44;SLC44A2;SPTAN1;STK10;STOM;STX4;STXBP2;TIMP2;TMBIM1;TMC6;TMEM63A;TNFRSF1B;TOLLIP;TOM1;TRPM2;TSPAN14;UBR4;VAMP1
GO_Cellular_Component_2026,Lysosomal Lumen (GO:0043202),0.0032575233279382,0.23171467008501526,7.98910234700288e-05,0.008148884393942938,3.4327291739281978,37,75,GC-driven,ACP2;AGRN;ARSA;ATP13A2;CD74;CHID1;CSPG4;CTSA;CTSB;CTSF;CTSK;CTSV;GAA;GALNS;GBA1;GM2A;GNS;GPC1;GUSB;HEXA;HSPA8;HSPG2;IDUA;MAN2B1;MAN2B2;NAGLU;NEU1;PLD3;PPT1;PSAP;SDC3;SDC4;SGSH;SMPD1;SNRNP70;TPP1;TXNDC5
GO_Cellular_Component_2026,Lysosomal Membrane (GO:0005765),0.0036347399229022,0.23171467008501526,3.03768134729135e-05,0.004828405923979572,2.1406744272170086,145,386,GC-driven,ABCA2;ABCB6;ABCC10;ABCD1;ABCD4;AHNAK;ANKFY1;ANPEP;ANXA6;AP1B1;AP1M1;AP2A1;AP2M1;AP3D1;AP5B1;ARF5;ARF6;ARL8A;ARRB1;ATG16L1;ATP11A;ATP13A2;ATP6AP1;ATP6V0C;ATP6V0D1;AZU1;BORCS6;BRI3;CD68;CD74;CDIP1;CHMP1A;CHMP4B;CHMP7;CLCN6;CLCN7;COL6A1;CPNE1;CSF3R;CTNS;CTSA;CYB561A3;DAGLB;DDOST;DEPDC5;DNAJC5;ECE1;EEF1A2;FCMR;FLCN;GAA;GBA1;GNA11;GPR137;GRN;HLA-DMA;HLA-DRB5;HLA-F;HPS6;HSPA8;IFITM1;ITFG2;KICS2;KPTN;KXD1;LAMP1;LAPTM5;LDLR;LPCAT1;LRP1;LRRC8A;MCOLN1;MFSD12;MPEG1;MROH1;MTOR;MYO7A;NCSTN;NEU1;NFAM1;NPRL2;NPRL3;PGAP6;PIP4P1;PLEKHF1;PPT1;PRMT1;PSAP;RAB3D;RAB44;RAB5C;RMC1;RNF167;RPTOR;RRAGA;SCARB1;SIDT2;SLC12A4;SLC15A3;SLC17A9;SLC26A11;SLC29A3;SLC2A8;SLC35F6;SLC36A1;SLC39A14;SLC44A2;SLC48A1;SLC66A1;SNAP47;STARD3;STK11IP;STOM;STX4;STXBP2;SURF4;SYNGR1;SZT2;TCIRG1;TECPR1;TFE3;TFEB;TLR8;TMBIM1;TMEM175;TMEM44;TMEM63A;TMEM63B;TMEM63C;TOM1;TPCN1;TPCN2;TRPM2;TSC2;UBA1;UBXN6;VAMP1;VASN;VPS11;VPS16;VPS18;VPS39;WDR24;WDR81;ZFYVE26
GO_Cellular_Component_2026,TORC1 Complex (GO:0031931),0.0053641891727502,0.29005851990010284,0.0004971552431658,0.01811065528675414,inf,6,6,GC-driven,AKT1S1;LARP1;MLST8;MTOR;RPTOR;TTI1
GO_Cellular_Component_2026,Cell-substrate Junction (GO:0030055),0.0057206213500315,0.29005851990010284,0.0002563247762801,0.015517531742891999,2.1136679780707404,115,308,GC-driven,ACTB;ACTN1;ACTN3;ACTN4;ADGRB1;ADGRE5;AHNAK;ANXA6;ARF6;ARHGEF2;ASAP3;ATP6V0C;BSG;CALR;CAPN1;CAPN2;CAPN5;CD151;CD81;CD99L2;CDC42;CDC42EP1;CFL1;CNN2;CSPG4;CSRP1;CTTN;CYFIP1;DAG1;DNM2;EFNA1;EHD3;ENG;EPHA2;EPPK1;EVL;EZR;FBLN7;FERMT3;FES;FLNA;FLNB;FLOT2;FZD1;GIT1;GSN;HMGA1;HSPA1A;HSPA1B;HSPA8;HSPG2;HYOU1;ICAM1;IGF2R;ILK;ITGA3;ITGA5;ITGB2;ITGB4;ITGB7;JUP;LASP1;LIMD1;LIMS2;LPXN;LRP1;MAP2K2;MAPK3;MAPRE1;MCAM;MMP14;MPRIP;MSN;MTSS2;MYH9;NCSTN;NHERF2;NME2;P4HB;PACSIN2;PAK4;PARVB;PARVG;PDGFRB;PDLIM2;PDLIM7;PI4KA;PIP5K1C;PLAU;PLEC;PTK2B;PVR;PXN;RAC2;RHOB;RHOG;SCARF2;SDC4;SLC4A2;SLC9A1;SLC9A5;SORBS3;SRC;SRCIN1;TGM2;TLN1;TNS1;TNS2;TNS4;TRIOBP;TSPAN4;TSPAN9;VASP;ZNF185;ZYX
GO_Cellular_Component_2026,Focal Adhesion (GO:0005925),0.0062561641547081,0.29005851990010284,0.000304265328292,0.015517531742891999,2.1092599490015185,113,303,GC-driven,ACTB;ACTN1;ACTN3;ACTN4;ADGRB1;ADGRE5;AHNAK;ANXA6;ARF6;ARHGEF2;ASAP3;ATP6V0C;BSG;CALR;CAPN1;CAPN2;CAPN5;CD151;CD81;CD99L2;CDC42;CDC42EP1;CFL1;CNN2;CSPG4;CSRP1;CTTN;CYFIP1;DAG1;DNM2;EFNA1;EHD3;ENG;EPHA2;EVL;EZR;FBLN7;FES;FLNA;FLNB;FLOT2;FZD1;GIT1;GSN;HMGA1;HSPA1A;HSPA1B;HSPA8;HSPG2;HYOU1;ICAM1;IGF2R;ILK;ITGA3;ITGA5;ITGB2;ITGB4;ITGB7;JUP;LASP1;LIMD1;LIMS2;LPXN;LRP1;MAP2K2;MAPK3;MAPRE1;MCAM;MMP14;MPRIP;MSN;MTSS2;MYH9;NCSTN;NHERF2;NME2;P4HB;PACSIN2;PAK4;PARVB;PARVG;PDGFRB;PDLIM2;PDLIM7;PI4KA;PIP5K1C;PLAU;PLEC;PTK2B;PVR;PXN;RAC2;RHOB;RHOG;SCARF2;SDC4;SLC4A2;SLC9A1;SLC9A5;SORBS3;SRC;SRCIN1;TGM2;TLN1;TNS1;TNS2;TNS4;TRIOBP;TSPAN4;TSPAN9;VASP;ZNF185;ZYX
GO_Cellular_Component_2026,Secretory Granule Lumen (GO:0034774),0.0090145493785935,0.36072281239077103,0.0005660667817975,0.019246270581115003,2.1294272030268515,98,261,GC-driven,ACAA1;ACLY;ACTN1;ACTN4;ACTR1B;ADA2;ALAD;ALDOA;ALDOC;AMPD3;ARHGAP45;ARHGAP9;ARSA;AZU1;BPI;C3;CANT1;CFP;CHIT1;CNN2;COTL1;CRACR2A;CRISPLD2;CTSA;CTSW;CTSZ;CYB5R3;CYFIP1;DBH;DBNL;DNASE1L1;DOCK2;DPP7;DYNC1H1;ECM1;EEF2;FCN1;FERMT3;FGR;GALNS;GAS6;GHDC;GM2A;GNS;GPI;GRN;GSDMD;GSN;GTPBP2;GUSB;HK3;HSPA6;HSPA8;HUWE1;IMPDH1;JUP;LGALS3BP;MAGED2;MAN2B1;MIF;MPO;MVP;NAPRT;NEU1;NME2;ORM2;PADI2;PCYOX1L;PDXK;PFKL;PKM;PNP;PRKCD;PSMC3;PSMD11;PSMD2;PSMD3;PTGES2;PTPN6;PYGB;QSOX1;SERPING1;SPTAN1;STK11IP;TEX264;TGFB1;TGFB3;THBS1;TIMP2;TOLLIP;TOR4A;TUBB;TUBB4B;TXNDC5;UNC13D;VAT1;VCP;VEGFA
GO_Cellular_Component_2026,Extracellular Vesicle (GO:1903561),0.0099027715444965,0.36072281239077103,2.30997982658801e-05,0.004828405923979572,1.7592117554761766,530,1632,GC-driven,AARS1;ABCB6;ABCC1;ABHD14B;ACE;ACLY;ACOT7;ACP2;ACTB;ACTN1;ACTN3;ACTN4;ACTR1A;ACTR1B;ADAM15;ADGRE5;ADGRG1;AEBP1;AGAP2;AGO2;AGRN;AHCY;AHNAK;AHSA1;AK2;AKR7A3;ALAD;ALDH3B1;ALDOA;ALDOC;ALYREF;AMN;ANGPTL2;ANGPTL6;ANKFY1;ANPEP;ANXA11;ANXA6;AP1M1;AP2M1;APEH;ARF3;ARF5;ARF6;ARHGAP1;ARHGAP23;ARHGDIA;ARHGEF18;ARL8A;ARRDC1;ARSA;ATP6AP1;ATP6V0C;ATP6V0D1;AUP1;AZU1;B4GALT3;BAG6;BAIAP2;BAX;BCR;BPI;BSG;BTG2;C3;C4A;C8G;CAD;CALR;CANT1;CAPN1;CAPN2;CAPN5;CAPNS1;CC2D1A;CCT7;CD101;CD19;CD248;CD300A;CD37;CD40;CD74;CD81;CD82;CDC37;CDC42;CDHR2;CDHR5;CEACAM1;CEL;CEP250;CFL1;CHID1;CHMP1A;CHMP4B;CHST14;CIB1;CILP2;CLIC1;CNDP2;CNP;COASY;COL18A1;COL6A1;COL6A2;COL6A3;CORO1A;COTL1;CPNE1;CPNE2;CPNE5;CPNE7;CRABP2;CRB2;CRISPLD2;CROCC;CRTC2;CS;CSK;CSPG4;CSRP1;CTDSP1;CTNS;CTSA;CTSB;CTSF;CTSZ;CXCR4;CYB5R1;CYFIP1;CYFIP2;DAG1;DBNL;DCTN2;DDB1;DDR1;DDTL;DDX11;DDX23;DNAJB1;DNHD1;DNM1;DNM2;DOCK2;DPP3;DPP7;DPYSL2;DYNC1H1;DYSF;ECE1;ECH1;ECM1;EEF1G;EEF2;EFEMP2;EFNB1;EHD1;EIF3B;EIF3I;EIF4A1;EMILIN1;ENO2;ENO3;EPHB4;EPHX2;EPS8L1;EPS8L2;EZR;FAH;FAM20C;FASLG;FASN;FBLN2;FCER2;FCGBP;FCGR3B;FERMT3;FGR;FKBP4;FLNA;FLNB;FLOT2;FMNL1;FSCN1;FTCD;FURIN;FUZ;G6PD;GAA;GAL3ST4;GALK1;GALNS;GALNT4;GANAB;GAS6;GBA1;GDPD3;GEMIN4;GET3;GFUS;GGT1;GLUL;GM2A;GMPPA;GNA11;GNAI2;GNS;GP1BA;GP5;GPA33;GPC1;GPD1L;GPI;GPRC5B;GPX3;GRN;GSN;GSR;GSTM2;GUSB;H2AC11;H2AC12;H2AC21;H2AC4;H2AC6;H2AC7;H2AX;H2BC10;H2BC18;H2BC21;H2BC5;H2BC9;HEXA;HGS;HID1;HLA-A;HLA-C;HLA-DRB5;HLA-E;HNRNPA1;HNRNPL;HPX;HSPA1A;HSPA1B;HSPA6;HSPA8;HSPG2;HUWE1;HYOU1;ICAM1;ICOSLG;IDUA;IFT172;IGF2R;IGLL5;IGSF8;IL18BP;ITGA3;ITGAL;ITGAM;ITGB2;ITGB4;ITGB7;ITM2C;JADE2;JUP;KHK;KIFC3;KRT18;KRT73;LAMA5;LAMB2;LAMP1;LAT2;LCAT;LCK;LFNG;LGALS3BP;LMAN2;LOXL4;LSP1;LSR;LTBP2;LTBP3;LYPLA2;MACROH2A1;MAN1B1;MAN1C1;MAN2B1;MAN2B2;MAPKAPK2;MARCKSL1;MARS1;MEGF8;METRNL;MFGE8;MGAT1;MGRN1;MIF;MINK1;MMP9;MOGS;MPI;MPO;MSN;MTCL2;MTMR11;MUC16;MUC5B;MVP;MXRA8;MYH9;MYL6;MYO15A;MYO1C;MYO1G;NAGA;NAGK;NAGLU;NAPA;NAPRT;NCKAP1L;NCSTN;NDRG1;NDRG2;NECTIN4;NEU1;NHERF1;NHERF2;NIBAN2;NID1;NME2;NPHS1;NUCB1;NUMA1;NUTF2;OLFML3;ORM2;OTUB1;P3H1;P4HB;PABPC1L;PACSIN2;PADI2;PCBP1;PCDH12;PDCD6;PDXK;PEF1;PEPD;PFAS;PFKL;PFKP;PGAM2;PGAP6;PGD;PHGDH;PI4KA;PIP4K2C;PKD1;PKM;PLA2G15;PLAU;PLBD2;PLCD1;PLCG2;PLD3;PLEC;PLOD1;PLOD3;PLXNA1;PLXNB2;PM20D1;PNP;PODXL;PPP1CA;PPP2R1A;PPP2R1B;PPT1;PRKACA;PRKCD;PRKCZ;PROM2;PRRC2A;PRXL2B;PSAP;PSMB4;PSMB8;PSMD2;PSMD3;PTBP1;PTGDS;PTGS1;PTPA;PTPN23;PTPN6;PTPRF;PTPRS;PYGB;QDPR;QSOX1;RAB11B;RAB15;RAB1B;RAB3A;RAB3D;RAB43;RAB5B;RAB5C;RAB8A;RAC2;RACGAP1;RAPGEF3;RASAL3;RENBP;RHOB;RHOG;RIPOR1;RNH1;RNPEP;RREB1;RTN4R;RUVBL1;RUVBL2;SCAMP2;SCARB1;SCRIB;SCRN2;SDC4;SDF4;SEC14L2;SECTM1;SEMA3G;SERINC2;SERPINF1;SERPING1;SFT2D2;SGSH;SHMT2;SIRPA;SLC12A9;SLC1A5;SLC22A5;SLC26A11;SLC2A1;SLC35F6;SLC37A2;SLC3A2;SLC44A2;SLC5A10;SLC5A2;SLC7A5;SLC9A1;SLC9A3;SMPD1;SMPDL3A;SND1;SNX18;SORL1;SPINT1;SPN;SPTAN1;SPTBN1;SRC;SRPRA;ST3GAL1;STK10;STK11;STK25;STOM;STRIP1;STX4;STXBP2;SUSD2;SYT7;SYTL1;TAB3;TAF6L;TAGLN2;TBC1D10A;TECTA;TGFBI;TGM1;TGM2;THBS1;TKFC;TLN1;TMBIM1;TMC6;TMC8;TMED9;TMEM132A;TMEM63A;TNFAIP3;TNXB;TOLLIP;TOM1;TOR1A;TOR3A;TPP1;TRIP10;TTC38;TTYH3;TUBA4A;TUBB;TUBB3;TUBB4A;TUBB4B;TUFM;TWF2;TXNDC5;TYK2;UBA1;UBASH3A;UBC;UBXN6;VASN;VASP;VAT1;VCP;VPS28;VPS37B;WAS;WDR1;WIZ;WNT1;WNT4;WNT7A;XPNPEP2
GO_Cellular_Component_2026,Lytic Vacuole Membrane (GO:0098852),0.0102241941108666,0.36072281239077103,0.0001513451817093,0.011026577524534715,2.122919651321088,122,326,GC-driven,ABCA2;ABCB6;ABCC10;ABCD1;ABCD4;AHNAK;ANKFY1;ANPEP;ANXA6;AP1B1;AP1M1;AP2M1;AP3D1;AP5B1;ARF5;ARF6;ARL8A;ARRB1;ATP11A;ATP13A2;ATP6AP1;ATP6V0C;ATP6V0D1;CD68;CD74;CHMP1A;CHMP4B;CHMP7;CLCN6;CLCN7;COL6A1;CSF3R;CTNS;CYB561A3;DAGLB;DEPDC5;DNAJC5;ECE1;FCMR;FLCN;GAA;GBA1;GNA11;GPR137;GRN;HLA-DMA;HLA-DRB5;HLA-F;HPS6;HSPA8;IFITM1;ITFG2;KICS2;KPTN;LAMP1;LAPTM5;LRP1;LRRC8A;MCOLN1;MFSD12;MROH1;MTOR;MYO7A;NCSTN;NEU1;NPRL2;NPRL3;PGAP6;PIP4P1;PLEKHF1;PPT1;PRMT1;PSAP;RAB44;RAB5C;RMC1;RNF167;RPTOR;RRAGA;SCARB1;SIDT2;SLC12A4;SLC15A3;SLC17A9;SLC26A11;SLC29A3;SLC2A8;SLC35F6;SLC36A1;SLC39A14;SLC44A2;SLC48A1;SLC66A1;SNAP47;STARD3;STK11IP;STX4;SZT2;TCIRG1;TECPR1;TFE3;TFEB;TMBIM1;TMEM175;TMEM44;TMEM63A;TMEM63B;TMEM63C;TPCN1;TPCN2;TRPM2;TSC2;UBA1;UBXN6;VASN;VPS11;VPS16;VPS18;VPS39;WDR24;WDR81;ZFYVE26
GO_Cellular_Component_2026,Extracellular Exosome (GO:0070062),0.0106094944820815,0.36072281239077103,3.34550532240673e-05,0.004828405923979572,1.7524008395673,524,1617,GC-driven,AARS1;ABCB6;ABCC1;ABHD14B;ACE;ACLY;ACOT7;ACP2;ACTB;ACTN1;ACTN3;ACTN4;ACTR1A;ACTR1B;ADAM15;ADGRE5;ADGRG1;AEBP1;AGAP2;AGO2;AGRN;AHCY;AHNAK;AHSA1;AK2;AKR7A3;ALAD;ALDH3B1;ALDOA;ALDOC;ALYREF;AMN;ANGPTL2;ANGPTL6;ANKFY1;ANPEP;ANXA11;ANXA6;AP1M1;AP2M1;APEH;ARF3;ARF5;ARF6;ARHGAP1;ARHGAP23;ARHGDIA;ARHGEF18;ARL8A;ARRDC1;ARSA;ATP6AP1;ATP6V0C;ATP6V0D1;AUP1;AZU1;B4GALT3;BAG6;BAIAP2;BAX;BCR;BPI;BSG;BTG2;C3;C4A;C8G;CAD;CALR;CANT1;CAPN1;CAPN2;CAPN5;CAPNS1;CC2D1A;CCT7;CD101;CD19;CD248;CD300A;CD37;CD40;CD74;CD81;CD82;CDC37;CDC42;CDHR2;CDHR5;CEACAM1;CEL;CEP250;CFL1;CHID1;CHMP1A;CHMP4B;CHST14;CIB1;CILP2;CLIC1;CNDP2;CNP;COASY;COL18A1;COL6A1;COL6A2;COL6A3;CORO1A;COTL1;CPNE1;CPNE2;CPNE5;CPNE7;CRABP2;CRB2;CRISPLD2;CROCC;CRTC2;CS;CSK;CSPG4;CSRP1;CTDSP1;CTNS;CTSA;CTSB;CTSF;CTSZ;CXCR4;CYB5R1;CYFIP1;CYFIP2;DAG1;DBNL;DCTN2;DDB1;DDR1;DDTL;DDX11;DDX23;DNAJB1;DNHD1;DNM1;DNM2;DOCK2;DPP3;DPP7;DPYSL2;DYNC1H1;DYSF;ECE1;ECH1;ECM1;EEF1G;EEF2;EFEMP2;EFNB1;EHD1;EIF3B;EIF3I;EIF4A1;EMILIN1;ENO2;ENO3;EPHB4;EPHX2;EPS8L1;EPS8L2;EZR;FAH;FAM20C;FASLG;FASN;FCER2;FCGBP;FCGR3B;FERMT3;FGR;FKBP4;FLNA;FLNB;FLOT2;FMNL1;FSCN1;FTCD;FURIN;FUZ;G6PD;GAA;GAL3ST4;GALK1;GALNS;GALNT4;GANAB;GAS6;GBA1;GDPD3;GEMIN4;GET3;GFUS;GGT1;GLUL;GM2A;GMPPA;GNA11;GNAI2;GNS;GP1BA;GP5;GPA33;GPC1;GPD1L;GPI;GPRC5B;GPX3;GRN;GSN;GSR;GSTM2;GUSB;H2AC11;H2AC12;H2AC21;H2AC4;H2AC6;H2AC7;H2AX;H2BC10;H2BC18;H2BC21;H2BC5;H2BC9;HEXA;HGS;HID1;HLA-A;HLA-C;HLA-DRB5;HLA-E;HNRNPA1;HNRNPL;HPX;HSPA1A;HSPA1B;HSPA6;HSPA8;HSPG2;HUWE1;HYOU1;ICAM1;ICOSLG;IDUA;IGF2R;IGLL5;IGSF8;IL18BP;ITGA3;ITGAL;ITGAM;ITGB2;ITGB4;ITGB7;ITM2C;JADE2;JUP;KHK;KIFC3;KRT18;KRT73;LAMA5;LAMB2;LAMP1;LAT2;LCAT;LCK;LGALS3BP;LMAN2;LOXL4;LSP1;LSR;LTBP2;LTBP3;LYPLA2;MACROH2A1;MAN1C1;MAN2B1;MAN2B2;MAPKAPK2;MARCKSL1;MARS1;MEGF8;METRNL;MFGE8;MGAT1;MGRN1;MIF;MINK1;MMP9;MOGS;MPI;MPO;MSN;MTCL2;MTMR11;MUC16;MUC5B;MVP;MXRA8;MYH9;MYL6;MYO15A;MYO1C;MYO1G;NAGA;NAGK;NAGLU;NAPA;NAPRT;NCKAP1L;NCSTN;NDRG1;NDRG2;NECTIN4;NEU1;NHERF1;NHERF2;NIBAN2;NID1;NME2;NPHS1;NUCB1;NUMA1;NUTF2;ORM2;OTUB1;P3H1;P4HB;PABPC1L;PACSIN2;PADI2;PCBP1;PCDH12;PDCD6;PDXK;PEF1;PEPD;PFAS;PFKL;PFKP;PGAM2;PGAP6;PGD;PHGDH;PI4KA;PIP4K2C;PKD1;PKM;PLA2G15;PLAU;PLBD2;PLCD1;PLCG2;PLD3;PLEC;PLOD1;PLOD3;PLXNA1;PLXNB2;PM20D1;PNP;PODXL;PPP1CA;PPP2R1A;PPP2R1B;PPT1;PRKACA;PRKCD;PRKCZ;PROM2;PRRC2A;PRXL2B;PSAP;PSMB4;PSMB8;PSMD2;PSMD3;PTBP1;PTGDS;PTGS1;PTPA;PTPN23;PTPN6;PTPRF;PTPRS;PYGB;QDPR;QSOX1;RAB11B;RAB15;RAB1B;RAB3D;RAB43;RAB5B;RAB5C;RAB8A;RAC2;RACGAP1;RAPGEF3;RASAL3;RENBP;RHOB;RHOG;RIPOR1;RNH1;RNPEP;RREB1;RTN4R;RUVBL1;RUVBL2;SCAMP2;SCARB1;SCRIB;SCRN2;SDC4;SDF4;SEC14L2;SECTM1;SEMA3G;SERINC2;SERPINF1;SERPING1;SFT2D2;SGSH;SHMT2;SIRPA;SLC12A9;SLC1A5;SLC22A5;SLC26A11;SLC2A1;SLC35F6;SLC37A2;SLC3A2;SLC44A2;SLC5A10;SLC5A2;SLC7A5;SLC9A1;SLC9A3;SMPD1;SMPDL3A;SND1;SNX18;SORL1;SPINT1;SPN;SPTAN1;SPTBN1;SRC;SRPRA;ST3GAL1;STK10;STK11;STK25;STOM;STRIP1;STX4;STXBP2;SUSD2;SYT7;SYTL1;TAB3;TAF6L;TAGLN2;TBC1D10A;TECTA;TGFBI;TGM1;TGM2;THBS1;TKFC;TLN1;TMBIM1;TMC6;TMC8;TMED9;TMEM132A;TMEM63A;TNFAIP3;TNXB;TOLLIP;TOM1;TOR1A;TOR3A;TPP1;TRIP10;TTC38;TTYH3;TUBA4A;TUBB;TUBB3;TUBB4A;TUBB4B;TUFM;TWF2;TXNDC5;TYK2;UBA1;UBASH3A;UBC;UBXN6;VASN;VASP;VAT1;VCP;VPS28;VPS37B;WAS;WDR1;WIZ;WNT1;WNT4;WNT7A;XPNPEP2
GO_Cellular_Component_2026,PRC1 Complex (GO:0035102),0.0115703669283078,0.3688054458398112,0.0008678838156278,0.027663796623136123,7.733119543915909,11,16,GC-driven,CBX2;CBX4;CBX6;CBX7;CBX8;PCGF1;PCGF2;PCGF3;PHC1;PHC2;RING1
GO_Cellular_Component_2026,Golgi Membrane (GO:0000139),0.0141198052147772,0.39081889355541805,0.0016284793234487,0.048854379703461,1.8658719302854347,159,462,GC-driven,AGPAT3;AP1B1;AP1G2;AP1M1;APH1A;ARCN1;ARF3;ARFGAP1;ARRB1;ATF6B;ATG9A;ATG9B;ATP6AP1;ATP6V0C;B3GAT1;B3GNT2;B3GNT7;B3GNT9;B4GALT3;B4GALT7;BET1L;BSG;C3;CD74;CDC42;CFP;CHPF;CHPF2;CHST14;CHST15;CHST2;COG1;COG8;COPG1;CRACR2A;CREB3;CYTH2;CYTH4;DAG1;DNM2;ENTPD4;ERGIC1;ERGIC3;EXTL3;FAM20C;FKRP;FTCD;FURIN;GAL3ST1;GALNT2;GALNT4;GALNT9;GBA2;GOLGA3;GORASP1;GOSR2;GPSM1;GRINA;HID1;HLA-A;HLA-C;HLA-DRB5;HLA-E;HLA-F;HLA-G;HS6ST1;HUWE1;HYAL2;IFT27;LFNG;LMAN2;MAN1C1;MAN2A2;MAP4K2;MAPK8IP3;MGAT1;MGAT2;MGAT3;MGAT4B;MGAT5B;MIB2;NAA60;NCSTN;NDST1;NDST2;NLRP3;NOS3;NOSIP;NOTCH1;NOTCH2;NOTCH3;OAS2;PAQR4;PCSK4;PCSK7;PGAP2;PGAP3;PI4KB;PKD1;PLD3;PMEPA1;POMGNT1;PSEN2;PTGES2;QSOX1;QSOX2;RAB11FIP3;RAB1B;RAB36;RAB40C;RAB43;RAB8A;RER1;RFFL;RGP1;RHBDF1;SCAP;SLC2A1;SLC35A2;SLC35A4;SLC35B1;SLC35B2;SLC35C1;SLC35E1;SLC35E2B;SLC39A13;SORL1;SPRING1;SREBF1;SREBF2;ST3GAL1;ST3GAL2;ST3GAL3;ST3GAL4;ST6GALNAC2;ST6GALNAC4;ST6GALNAC6;STING1;SURF4;TAPBP;TEX261;TLR8;TMBIM1;TMED2;TMED9;TMEM115;TNFRSF1A;TPST2;TVP23C;UBIAD1;UNC93B1;VAC14;XYLT1;XYLT2;YKT6;ZDHHC11;ZDHHC5;ZDHHC7;ZDHHC8
GO_Cellular_Component_2026,Lysosome (GO:0005764),0.0169360547382194,0.4318693958245947,0.0004067646864909,0.01728749917586325,1.9009803921568624,184,529,GC-driven,ABCA2;ABCB6;ABCC10;ABCD1;ABCD4;ACE;ACP2;ADA;AGRN;AHNAK;ANKFY1;ANPEP;ANXA6;AP1B1;AP1M1;AP2M1;AP3D1;AP5B1;AP5S1;AP5Z1;ARF5;ARF6;ARL8A;ARRB1;ARSA;ATP11A;ATP13A2;ATP6AP1;ATP6V0C;ATP6V0D1;BBC3;CD68;CD74;CHID1;CHMP1A;CHMP4B;CHMP7;CLCN6;CLCN7;COL6A1;CSF3R;CSPG4;CTNS;CTSA;CTSB;CTSF;CTSK;CTSV;CTSW;CTSZ;CXCR4;CYB561A3;DAGLB;DEPDC5;DNAJC5;DPP7;DTX3L;ECE1;FCMR;FLCN;FYCO1;GAA;GALNS;GBA1;GGA3;GLMP;GM2A;GNA11;GNS;GPC1;GPR137;GRN;GUSB;HEXA;HLA-DMA;HLA-DRB5;HLA-F;HPS6;HSPA8;HSPG2;HYAL2;HYAL3;IDUA;IFITM1;IRGQ;ITFG2;ITM2C;KCNQ1;KICS2;KPTN;LAMP1;LAPTM5;LDLR;LRP1;LRRC8A;MAN2B1;MAN2B2;MCOLN1;MFSD12;MPO;MROH1;MTOR;MYO7A;NAGLU;NCSTN;NEU1;NPRL2;NPRL3;PGAP6;PIP4P1;PLA2G15;PLD3;PLD4;PLEKHF1;PLEKHM1;PPT1;PRKCD;PRMT1;PSAP;PSEN2;RAB44;RAB5C;RFFL;RMC1;RNF167;RPTOR;RRAGA;SCARB1;SDC3;SDC4;SGSH;SIDT2;SLC12A4;SLC15A3;SLC17A9;SLC26A11;SLC29A3;SLC2A8;SLC35F6;SLC36A1;SLC39A14;SLC44A2;SLC48A1;SLC66A1;SMPD1;SNAP47;SNRNP70;SRC;STARD3;STK11IP;STX4;STXBP2;SYT7;SZT2;TCIRG1;TECPR1;TFE3;TFEB;TMBIM1;TMEM175;TMEM44;TMEM63A;TMEM63B;TMEM63C;TPCN1;TPCN2;TPP1;TRPM2;TRPV3;TSC2;TXNDC5;UBA1;UBXN6;UNC13D;UNC93B1;USP5;VASN;VPS11;VPS16;VPS18;VPS39;WDR24;WDR81;ZFYVE26
GO_Cellular_Component_2026,Bounding Membrane of Organelle (GO:0098588),0.0235141123380446,0.5450998769273976,0.0003613384221453,0.01675296320855482,1.7945141359296013,283,849,GC-driven,ABCA2;ABCB6;ABHD17A;ACAP3;ADCY3;ADGRE5;AGPAT3;ALDH3B1;ANKFY1;ANPEP;AP1B1;AP1G2;AP1M1;AP2A1;AP2M1;AP3D1;APH1A;ARCN1;ARF3;ARFGAP1;ARHGAP1;ARRB1;ARRB2;ATAD3B;ATF6B;ATG9A;ATG9B;ATP2A2;ATP2A3;ATP6AP1;ATP6V0C;ATP6V0D1;B3GAT1;B3GNT2;B3GNT7;B3GNT9;B4GALT3;B4GALT7;BBS1;BET1L;BOK;BSG;CALR;CAMK2B;CCDC22;CD163;CD209;CD74;CD93;CDC42;CHERP;CHPF;CHPF2;CHST14;CHST15;CHST2;CLCN6;CNIH2;COG1;COG8;COL7A1;COMMD5;COPG1;CRACR2A;CREB3;CSF3R;CSNK1D;CTSZ;CXCR1;CYTH2;CYTH4;DAG1;DBH;DCTN1;DLG4;DMPK;DMTN;DNM2;DOK3;ECE1;EHD1;EHD3;ENTPD4;ERBB2;ERGIC1;ERGIC3;EVC;EXTL3;FAM20C;FCGR2A;FCGR3B;FKBP1A;FKRP;FTCD;FURIN;GAL3ST1;GALNT2;GALNT4;GALNT9;GBA2;GGA1;GGA2;GGA3;GOLGA3;GORASP1;GOSR2;GPR108;GPSM1;GRINA;HLA-A;HLA-C;HLA-DRB5;HLA-E;HLA-F;HLA-G;HS6ST1;HUWE1;HYAL2;IFT27;IGF2R;IRAK1;IRF7;ITGAX;ITPR1;ITPR3;LAMP1;LDLR;LFNG;LMAN2;LRP1;MAN1C1;MAN2A2;MAP4K2;MAPK8IP3;MCOLN1;MGAT1;MGAT2;MGAT3;MGAT4B;MGAT5B;MIB2;MICAL1;MTMR4;MYD88;NAA60;NCF4;NCKAP1L;NCSTN;NDST1;NDST2;NLRP3;NOS3;NOSIP;NOTCH1;NOTCH2;NOTCH3;NPRL2;NTRK1;OAS2;ORMDL3;PAQR4;PCSK4;PCSK7;PGAP2;PGAP3;PI4KA;PI4KB;PICK1;PIP5K1C;PKD1;PLD3;PLEKHF1;PMEPA1;POMGNT1;PSEN2;PTCH1;PTGES2;PTPRN2;QSOX1;QSOX2;RAB11FIP3;RAB15;RAB1B;RAB24;RAB36;RAB3A;RAB40C;RAB43;RAB5B;RAB8A;RER1;RFFL;RGP1;RHBDF1;RHOB;RHOBTB2;RHOG;RNF144A;RYR2;SCAP;SCARB1;SHANK3;SIGLEC9;SLC15A3;SLC2A1;SLC35A2;SLC35A4;SLC35B1;SLC35B2;SLC35C1;SLC35E1;SLC35E2B;SLC36A1;SLC39A13;SLC48A1;SLC66A2;SNX17;SORL1;SPRING1;SREBF1;SREBF2;SSTR3;ST3GAL1;ST3GAL2;ST3GAL3;ST3GAL4;ST6GALNAC2;ST6GALNAC4;ST6GALNAC6;STAB1;STEAP3;STING1;SURF4;TAB1;TAB3;TAP1;TAPBP;TCIRG1;TCTN2;TEPSIN;TEX261;TICAM1;TLR8;TMBIM1;TMED2;TMED9;TMEM115;TMEM175;TNFRSF1A;TOM1;TPCN1;TPCN2;TPST2;TVP23C;UBA1;UBC;UBIAD1;ULK1;UNC93B1;VAC14;VPS11;VPS16;VPS18;VPS26B;VPS26C;VPS28;VPS37B;VPS39;WDR24;WDR81;WDR83;WDR91;WNT1;WNT4;WNT7A;XYLT1;XYLT2;YKT6;ZC3H12A;ZDHHC11;ZDHHC5;ZDHHC7;ZDHHC8
GO_Biological_Process_2026,Positive Regulation of DNA-templated Transcription (GO:0045893),0.0007430755496122,0.847772842924696,1.98756148853674e-06,0.005898088717232776,1.9050317240454864,358,1038,GC-driven,ABHD14B;ACTB;ACTN4;ACTR5;AGO1;AGO2;AGRN;AKAP8L;AKNA;AKT1;APBB1;ARHGEF11;ARHGEF2;ARID1A;ARRB1;ATF6B;ATF7;ATMIN;ATOH8;BCL3;BCL9;BCL9L;BHLHA15;BICRA;BMAL1;BRD3;BRD4;BRF2;BRPF1;CALCOCO1;CAMK1;CAMKK2;CAMTA2;CAND2;CARM1;CASZ1;CD40;CD81;CDK9;CEBPA;CEBPB;CHD3;CIITA;CITED2;COL1A1;CRAMP1;CREB3;CREB3L2;CREBBP;CRTC1;CRTC2;CSRNP1;CSRNP2;CTBP2;CXCR3;CXXC1;DAB2IP;DBP;DDRGK1;DEAF1;DLL1;DMAP1;DNM2;DOT1L;DTX3L;DVL1;DVL2;DVL3;DYRK1B;E2F1;E2F2;E2F4;E4F1;EBF4;EEF1D;EGR1;EGR2;EGR4;EIF4A1;EIF5A;ELF4;ELK1;ELK4;ELL;ENG;EP300;EP400;ERBB2;ESRRA;ETS2;FADD;FHOD1;FIZ1;FOSL2;FOXJ1;FOXJ2;FOXK1;FOXM1;FOXO4;FOXP3;FSTL3;FZD1;FZD5;FZD7;GATAD2A;GLIS1;GLMP;GMEB2;GPATCH3;GPS2;GTF2F1;HAS3;HCFC1;HCLS1;HDAC1;HDAC4;HDAC5;HELZ2;HINFP;HMGA1;HNRNPAB;HSF1;HYAL2;IHH;IKBKB;IKBKG;ILF3;ILK;INO80E;INPP5K;IRF2BPL;IRF5;IRF7;IRF8;JAG1;JMJD6;JUN;JUNB;JUP;KAT2A;KAT5;KAT8;KCNH2;KDM6B;KDM8;KLF10;KLF15;KLF2;KLF4;KMT2B;KMT2D;LBH;LBHD1;LDB1;LIF;LIN37;LPIN1;LPIN3;LRP5;MAFB;MAFF;MAML1;MAP2K2;MAP2K3;MAP2K7;MAPK3;MAPK7;MAPKAPK5;MAVS;MAZ;MBD3;MC1R;MCM3AP;MCRS1;MED12;MED16;MED24;MED25;MEF2D;MEN1;MICAL2;MKRN2;MLLT1;MLLT11;MLX;MLXIP;MLXIPL;MTA1;MTA2;MTOR;MYBBP1A;MYC;MYO1C;MYRF;MZF1;NCK2;NFATC1;NFATC2;NFE2;NFE2L1;NFIC;NFIX;NFKB2;NFKBIA;NFRKB;NGFR;NIBAN2;NLRC5;NLRP3;NME2;NOD2;NOTCH1;NOTCH2;NOTCH3;NR1D1;NR1H2;NR4A1;NUP85;OGG1;OGT;OSM;PAF1;PBX2;PCBP1;PCGF3;PELP1;PER1;PFKM;PHF8;PIM2;PIN1;PITHD1;PKD1;PKM;POU2AF1;PPARD;PPARGC1B;PPP3R1;PPRC1;PRDM11;PRDM15;PRDM16;PRKD2;PRPF6;PSMC3;PSRC1;PTOV1;QRICH1;RAI1;RARA;RARG;RBM14;RELA;RFX5;RGCC;RHOG;RING1;RNF187;RNF220;RNF4;RNF40;RORC;RPTOR;RREB1;RUNX3;RUVBL1;RUVBL2;RXRA;RXRB;SALL2;SBNO2;SEC14L2;SERTAD3;SETD3;SF3B3;SGF29;SHC1;SIRT7;SKI;SLC9A1;SMAD3;SMARCA4;SMARCB1;SMARCC2;SMARCD3;SNAI1;SOX12;SP1;SPAG8;SPI1;SRCAP;SREBF1;SREBF2;SRF;SS18L1;SSBP3;SSBP4;STAT2;STAT5A;STAT6;STING1;SUPT4H1;SUPT5H;SUPT7L;TADA2B;TADA3;TAF4;TAF6;TAF6L;TBX21;TCF20;TCF3;TEF;TFAP4;TFDP1;TFE3;TFEB;TFPT;TGFB1;TGFB3;THRA;TMPRSS6;TNF;TNFRSF1A;TNIP1;TP53INP1;TP53INP2;TP73;TRIM28;TRRAP;USF1;USF2;USP22;VDR;VEGFA;VENTX;VPS72;WAS;WBP2;WDR5;WNT1;WNT11;WNT4;WNT7A;ZBTB17;ZBTB48;ZC3H12A;ZFPM1;ZKSCAN3;ZMIZ1;ZMIZ2;ZNF263;ZNF304;ZNF318;ZNF496;ZNF516;ZNF746;ZNF76
GO_Biological_Process_2026,Positive Regulation of RNA Biosynthetic Process (GO:1902680),0.0011519001658607,0.847772842924696,4.953961948037e-05,0.042002520230856565,2.039994122869077,170,467,GC-driven,ACTB;ACTR5;APBB1;ARHGEF11;ARID1A;ATMIN;ATOH8;BCL3;BICRA;BMAL1;BRD4;BRPF1;CALCOCO1;CAMKK2;CAND2;CASZ1;CEBPB;CHD3;CITED2;COL1A1;CRAMP1;CREB3;CREB3L2;CREBBP;CXXC1;DEAF1;DMAP1;DNM2;DTX3L;DVL3;DYRK1B;E2F1;EGR1;EGR2;ELF4;ELK1;EP300;EP400;FOXJ2;FOXK1;FOXM1;FOXP3;FZD1;FZD7;GATAD2A;GPATCH3;HAS3;HCFC1;HDAC1;HDAC4;HINFP;HMGA1;HNRNPAB;IKBKB;ILF3;ILK;INO80E;INPP5K;IRF7;JMJD6;JUN;KAT2A;KAT5;KAT8;KCNH2;KDM8;KLF2;KLF4;KMT2B;LBH;LBHD1;LRP5;MAFB;MAML1;MAP2K2;MAP2K3;MAP2K7;MAZ;MBD3;MCRS1;MED12;MED16;MED24;MLLT1;MLLT11;MLXIPL;MTA1;MTA2;MYC;MYRF;NFATC1;NFATC2;NFE2;NFRKB;NIBAN2;NME2;NOTCH1;NR1D1;NR1H2;NUP85;OGT;PCGF3;PHF8;PIM2;PITHD1;PPARD;PRDM11;PRDM16;PSRC1;QRICH1;RAI1;RARA;RELA;RHOG;RING1;RNF187;RNF4;RORC;RREB1;RUNX3;RUVBL1;RUVBL2;RXRA;RXRB;SEC14L2;SERTAD3;SETD3;SF3B3;SGF29;SHC1;SMAD3;SMARCA4;SMARCC2;SMARCD3;SNAI1;SP1;SS18L1;SUPT7L;TADA2B;TADA3;TAF4;TAF6;TAF6L;TBX21;TCF3;TFAP4;TFE3;TFEB;TFPT;TGFB1;TGFB3;TNF;TP53INP1;TP53INP2;TP73;TRIM28;TRRAP;USP22;VPS72;WBP2;WDR5;WNT1;WNT11;WNT4;WNT7A;ZBTB48;ZKSCAN3;ZNF318;ZNF496;ZNF516
GO_Cellular_Component_2026,Elastic Fiber (GO:0071953),0.103805885198031,0.8823500241832635,0.0004602318189845,0.018055248283238075,4.8710996459836995,18,31,GC-driven,ADAMTSL4;ADAMTSL5;COL18A1;COL6A1;COL6A2;COL6A3;EFEMP2;EMILIN1;FBLN2;HSPG2;LOXL2;LOXL3;LOXL4;LTBP2;LTBP3;LTBP4;MFAP4;TGFBI
GO_Biological_Process_2026,Negative Regulation of Transcription by RNA Polymerase II (GO:0000122),0.0031395934171395,1.0,2.91242980687439e-05,0.042002520230856565,1.960076066286335,224,633,GC-driven,AEBP1;AMOT;APBB1;ARID5A;ATF7;ATN1;ATXN1L;AURKB;BCOR;BCORL1;BHLHE40;BIN1;BRMS1;CABIN1;CALR;CBFA2T3;CBX2;CBX4;CBX6;CBX7;CBX8;CC2D1A;CEBPB;CHD3;CIITA;CITED2;CNOT1;CREBBP;CRY2;CTBP1;CTBP2;CXXC5;DAB2IP;DEAF1;DMAP1;DNAJA3;DNAJB1;DNMT1;DNMT3A;DNMT3B;DPF2;E2F1;E4F1;EFNA1;EHMT1;EHMT2;ELK4;ENG;EP300;EPOP;ERF;ETS2;EZR;FASLG;FLCN;FLYWCH1;FOSB;FOXJ1;FOXM1;FOXP3;GATAD2A;GFI1;GLIS1;GPS2;GZF1;HCFC1;HDAC1;HDAC10;HDAC4;HDAC5;HES4;HEXIM2;HIC1;HIF1AN;HSF1;HSF4;HSPA1A;IRF2BP1;IRF2BPL;IRF7;IRF8;JUN;KANK2;KAT2A;KAT5;KLF10;KLF2;KLF4;KLF8;LDB1;LIN37;LOXL2;MACROH2A1;MAFB;MAFF;MAFK;MAGED2;MAGEE1;MAP3K10;MAZ;MBD1;MBD3;MED25;MEN1;MIER2;MLX;MNT;MTA1;MTA2;MXD4;MYC;MYPOP;MZF1;NACC2;NCOR2;NFE2L1;NFIC;NFIX;NFKB2;NFKBIA;NOC2L;NOP53;NOTCH1;NR1D1;NR1H2;OGT;PAF1;PATZ1;PCGF1;PCGF2;PDE2A;PER1;PHF1;PHF12;PHF19;PIAS3;PLK1;PLK3;POU6F1;PPARD;PRDM16;PTCH1;RALY;RARA;RARG;RELA;RORC;RREB1;RUNX3;RXRA;SATB1;SEMA4D;SGF29;SIN3B;SIRT7;SKI;SKOR1;SMAD3;SMARCA4;SNAI1;SOX12;SOX13;SP2;SPDEF;SPI1;SRC;SREBF2;SUPT4H1;SUPT5H;SUV39H1;TADA3;TBX21;TBX6;TCF3;TFDP1;THAP11;THAP7;THRA;TLE5;TMPRSS6;TNF;TRIB1;TRIB3;TRO;TSC22D4;USP2;VDR;VEGFA;VPS72;WDR5;WFS1;ZBED2;ZBED6;ZBTB12;ZBTB14;ZBTB17;ZBTB32;ZBTB34;ZBTB39;ZBTB4;ZBTB45;ZC3H12A;ZFP36;ZFP92;ZFPM1;ZGPAT;ZHX2;ZKSCAN3;ZNF134;ZNF136;ZNF202;ZNF219;ZNF263;ZNF304;ZNF469;ZNF473;ZNF572;ZNF589;ZNF653;ZNF692;ZNF717;ZNF746;ZNF76;ZNF841
GO_Biological_Process_2026,Negative Regulation of DNA-templated Transcription (GO:0045892),0.0034498522802671,1.0,3.79988857574083e-05,0.042002520230856565,1.8682053052465772,293,857,GC-driven,AEBP1;AMOT;APBB1;ARID5A;ATF7;ATN1;ATOH8;ATXN1L;AURKB;BAP1;BCL3;BCOR;BCORL1;BHLHE40;BIN1;BMAL1;BRMS1;CABIN1;CALR;CBFA2T3;CBX2;CBX4;CBX6;CBX7;CBX8;CCAR2;CEBPA;CEBPB;CHD3;CIC;CIITA;CIPC;CITED2;CNOT1;CREBBP;CRY2;CTBP1;CTBP2;CXXC5;DAB2IP;DAXX;DEAF1;DEDD2;DMAP1;DNAJA3;DNAJB1;DNMT1;DNMT3A;DNMT3B;DPF2;E2F1;E2F4;E4F1;EFNA1;EHMT1;EHMT2;ELK4;ENG;EP300;EPOP;ERF;ETS2;EZR;FASLG;FLCN;FLNA;FLYWCH1;FOSB;FOXJ1;FOXK1;FOXM1;FOXP3;FOXP4;GAS6;GATAD2A;GFI1;GLIS1;GPS2;GZF1;HCFC1;HDAC1;HDAC10;HDAC4;HDAC5;HDAC6;HES4;HEXIM2;HIC1;HIF1AN;HINFP;HMGA1;HNRNPL;HSF1;HSF4;HSPA1A;HSPA8;ILF3;INPP5K;IRF2BP1;IRF2BPL;IRF7;IRF8;JUN;KANK2;KAT2A;KAT5;KAT8;KCTD15;KDM5C;KDM8;KLF10;KLF2;KLF4;KLF8;L3MBTL1;L3MBTL2;LBH;LDB1;LIMD1;LIN37;LOXL2;LOXL3;MACROH2A1;MAF1;MAFB;MAFF;MAFK;MAGED2;MAGEE1;MAP3K10;MAZ;MBD1;MBD3;MED25;MEN1;MIDEAS;MIER2;MLX;MLXIPL;MNT;MTA1;MTA2;MXD4;MYBBP1A;MYC;MYPOP;MZF1;NAB2;NACC1;NACC2;NCOR2;NFE2L1;NFIC;NFIX;NFKB2;NFKBIA;NIBAN2;NOC2L;NONO;NOP53;NOTCH1;NR1D1;NR1H2;OGT;PAF1;PATZ1;PBXIP1;PCGF1;PCGF2;PDE2A;PER1;PHB2;PHC1;PHC2;PHF1;PHF12;PHF19;PIAS3;PIAS4;PLK1;PLK3;PML;POU6F1;PPARD;PPM1F;PRDM11;PRDM16;PTCH1;QARS1;RALY;RARA;RARG;RBM15B;RELA;RING1;RIOX1;RORC;RREB1;RUNX3;RXRA;SATB1;SBNO2;SEMA4D;SGF29;SHC1;SIN3B;SIRT7;SKI;SKOR1;SMAD3;SMARCA4;SMARCC2;SNAI1;SOX12;SOX13;SP2;SPDEF;SPI1;SPINDOC;SRC;SREBF2;SRF;SUPT4H1;SUPT5H;SUV39H1;TADA3;TBX21;TBX6;TCF3;TFAP4;TFDP1;TGFB1;THAP11;THAP7;THRA;TIMELESS;TLE5;TMPRSS6;TNF;TRIB1;TRIB3;TRIM28;TRO;TSC22D4;USP2;VDR;VEGFA;VPS72;WDR5;WDR82;WFS1;WNT4;ZBED2;ZBED6;ZBTB12;ZBTB14;ZBTB17;ZBTB32;ZBTB34;ZBTB39;ZBTB4;ZBTB45;ZC3H12A;ZC3H4;ZFP36;ZFP92;ZFPM1;ZFTA;ZGPAT;ZHX2;ZKSCAN3;ZNF12;ZNF134;ZNF136;ZNF202;ZNF219;ZNF256;ZNF263;ZNF282;ZNF304;ZNF318;ZNF469;ZNF473;ZNF512B;ZNF572;ZNF589;ZNF653;ZNF692;ZNF703;ZNF717;ZNF746;ZNF76;ZNF841
GO_Biological_Process_2026,Glycolytic Process Through Glucose-6-Phosphate (GO:0061620),0.0056221268670175,1.0,4.75551840020052e-05,0.042002520230856565,8.793456944196826,15,21,GC-driven,ADPGK;ALDOA;ALDOC;ENO2;ENO3;FOXK1;GPI;HK1;HK2;HK3;PFKL;PFKM;PFKP;PGAM2;PKM
